dataset,level,is_error,input_bytes,r_bytes,c_r_bytes,c_c_bytes,total_compressed_bytes,output_c_bytes,gcis_comp_time_ms,gcis_comp_peak_mem_bytes,parsing_time_s,preprocess_time_s,repair_dict_time_s,repair_parse_time_s,postprocess_time_s,bigrepair_comp_elapsed_s,bigrepair_decomp_elapsed_s,gcis_decomp_time_ms
Android,0,False,104857600,265778,18562044,5824300,24652122,263753555,3381,788078830,12.8552,2.2735,39.2365,1.0632,0.1316,55.5644,4.2146,745
Android,1,False,104857600,2436956,20374796,3108908,25920660,93182005,4409,617595086,5.5262,1.2776,33.7008,0.3233,0.2403,41.0708,1.6623,1183
Android,2,False,104857600,5629766,20210420,1355752,27195938,37163855,4808,561924638,2.1239,0.4442,62.0863,0.086,0.2045,64.9476,0.6919,1300
Android,3,False,104857600,12510856,15148556,398388,28057800,22669425,4981,568398710,0.6726,0.2025,35.1238,0.0224,0.1723,36.1949,0.2536,1414
Android,4,False,104857600,15547914,5079876,112984,20740774,18660027,5062,568398710,0.1775,0.0593,0.9028,0.0041,0.0212,1.1664,0.0677,1493
Android,5,False,104857600,16393676,895084,21212,17309972,17328685,5070,568398710,0.0303,0.0134,0.0928,0.0032,0.0068,0.1477,0.0124,1318
Android,6,False,104857600,16516438,85956,2128,16604522,17101871,5092,568398710,0.006,0.0024,0.0094,0.0012,0.0017,0.0228,0.0027,1324
Android,7,False,104857600,16526856,19972,544,16547372,17152665,5092,568398710,0.0035,0.001,0.0029,0.0011,0.0028,0.0134,0.0016,1474
Android,8,False,104857600,16529002,4548,144,16533694,17222979,5057,568398710,0.0041,0.0016,0.0014,0.001,0.0011,0.0114,0.0012,1321
Android,9,False,104857600,16529460,1492,64,16531016,17298677,5057,568398710,0.0026,0.0007,0.0012,0.0019,0.001,0.0095,0.0011,1318
Android,10,False,104857600,16529630,500,48,16530178,17375191,5060,568398710,0.0031,0.0019,0.0011,0.001,0.0018,0.0111,0.0013,1315
Android,11,False,104857600,16529728,196,28,16529952,17451977,5069,568398710,0.0035,0.0021,0.0011,0.0011,0.0013,0.0112,0.0016,1314
Android,12,False,104857600,16529818,84,4,16529906,17528859,5070,568398710,0.0024,0.0007,0.0011,0.0017,0.0024,0.0101,0.0013,1454
Android,13,True,,0,0,0,0,,,,,,,,,,,
BGL,0,False,104857600,165978,25445292,8237792,33849062,298983795,2970,823346502,15.1795,3.1714,43.3452,1.6334,0.2203,63.5565,4.6149,755
BGL,1,False,104857600,3780780,28866980,3622968,36270728,116634253,4146,641395782,6.8837,1.5401,73.2646,0.3028,0.3764,82.3714,1.7468,1060
BGL,2,False,104857600,8356590,28130644,1240696,37727930,42755783,4364,567819726,2.1948,0.5085,11.4151,0.0711,0.3146,14.5059,0.7117,1103
BGL,3,False,104857600,16919072,20230340,532700,37682112,30365185,4687,581585886,0.7827,0.2016,264.4762,0.0213,0.1834,265.6666,0.3284,1323
BGL,4,False,104857600,21441490,10364924,218340,32024754,27254035,4588,581585886,0.3732,0.0942,73.9205,0.0106,0.1,74.5004,0.1317,1263
BGL,5,False,104857600,23212252,2942524,62700,26217476,25193957,4623,581585886,0.0953,0.0334,0.9573,0.0057,0.0164,1.1094,0.0371,1204
BGL,6,False,104857600,23665614,889492,20368,24575474,24660279,4631,581585886,0.0296,0.0106,0.0885,0.0023,0.0059,0.1389,0.0119,1202
BGL,7,False,104857600,23787392,242692,5432,24035516,24525185,4758,581585886,0.01,0.0044,0.0211,0.0014,0.004,0.0424,0.0039,1200
BGL,8,False,104857600,23815890,45068,1028,23861986,24530179,4620,581585886,0.004,0.0017,0.0047,0.0011,0.0014,0.015,0.0017,1337
BGL,9,False,104857600,23820228,212,16,23820456,24588781,4612,581585886,0.003,0.0008,0.0027,0.0011,0.0011,0.0109,0.0013,1318
BGL,10,True,,0,0,0,0,,,,,,,,,,,
EDGAR,0,False,104857600,236786,26456036,6206248,32899070,287839011,3162,812163178,14.7455,3.2709,54.4875,0.7229,0.1658,73.3984,4.6934,812
EDGAR,1,False,104857600,3189932,27244124,6316312,36750368,120245821,4252,645063002,8.7516,1.3532,39.0607,0.6754,0.7403,50.5873,2.0902,1198
EDGAR,2,False,104857600,7253110,31870348,1349884,40473342,45878095,4911,571054530,2.4957,0.7608,13.69,0.0767,0.4259,17.4507,0.7665,1442
EDGAR,3,False,104857600,13728064,22123852,627640,36479556,29928825,5174,573642402,1.1415,0.2306,7.2394,0.0302,0.2027,8.8472,0.4357,1615
EDGAR,4,False,104857600,18902122,12191084,274172,31367378,26103859,5475,573642402,0.375,0.1411,3.0018,0.0089,0.1129,3.6409,0.1768,1645
EDGAR,5,False,104857600,21146724,3053292,72272,24272288,23372853,5424,573642402,0.0884,0.0265,0.5734,0.0044,0.0148,0.7092,0.0392,1578
EDGAR,6,False,104857600,21668358,601956,15648,22285962,22561623,5590,573642402,0.0228,0.0094,0.0636,0.0025,0.0038,0.1043,0.0111,1682
EDGAR,7,False,104857600,21761568,100540,2664,21864772,22436145,5563,573642402,0.0063,0.0028,0.0126,0.0012,0.0025,0.0277,0.0027,1649
EDGAR,8,False,104857600,21774858,34844,932,21810634,22486243,5710,573642402,0.0042,0.0012,0.0045,0.0011,0.0023,0.0147,0.0019,1603
EDGAR,9,False,104857600,21778972,8412,228,21787612,22552149,5645,573642402,0.0038,0.001,0.0023,0.0011,0.0012,0.0118,0.0012,1613
EDGAR,10,False,104857600,21779870,2612,84,21782566,22626495,5696,573642402,0.003,0.0008,0.0027,0.0011,0.0012,0.0111,0.0023,1752
EDGAR,11,False,104857600,21780136,740,44,21780920,22702657,5387,573642402,0.0025,0.0007,0.0011,0.0018,0.001,0.0093,0.002,1683
EDGAR,12,False,104857600,21780250,292,16,21780558,22779387,5375,573642402,0.0027,0.0018,0.0011,0.0011,0.0023,0.0113,0.0014,1655
EDGAR,13,False,104857600,21780340,116,24,21780480,22856245,5469,573642402,0.0033,0.0015,0.0011,0.0023,0.0011,0.0107,0.0011,1566
EDGAR,14,False,104857600,21780430,68,4,21780502,22933159,5369,573642402,0.0026,0.0007,0.0011,0.001,0.0014,0.0089,0.0011,1716
EDGAR,15,True,,0,0,0,0,,,,,,,,,,,
Escherichia_Coli,0,False,112689515,28810,28245844,2056000,30330654,253361947,4254,816832391,13.1269,1.3507,43.2757,1.4302,0.1432,59.3308,5.1435,994
Escherichia_Coli,1,False,112689515,4325252,31594404,1104864,37024520,85604197,6089,650032247,4.4729,0.7041,15.081,0.4201,0.6347,21.3149,2.6548,2019
Escherichia_Coli,2,False,112689515,10913486,15072084,523924,26509494,37684999,6854,607253007,1.5047,0.2469,10.1288,0.1045,0.1792,12.1676,0.7693,2338
Escherichia_Coli,3,False,112689515,14044896,6947372,224028,21216296,23072873,7081,607253007,0.5408,0.0965,2.8793,0.0223,0.0395,3.5811,0.2783,2411
Escherichia_Coli,4,False,112689515,15468082,2961964,89624,18519670,18707803,7159,607253007,0.176,0.0546,1.0037,0.0078,0.0188,1.2623,0.0789,2434
Escherichia_Coli,5,False,112689515,16046412,1138684,35264,17220360,17432373,7172,607253007,0.0484,0.0208,0.2822,0.0031,0.0103,0.3659,0.0238,2443
Escherichia_Coli,6,False,112689515,16255918,416100,12260,16684278,17093655,7168,607253007,0.0198,0.0076,0.0677,0.0022,0.0058,0.105,0.0082,2442
Escherichia_Coli,7,False,112689515,16322848,147380,4180,16474408,17035201,7167,607253007,0.0082,0.0042,0.0197,0.0014,0.0021,0.0368,0.0033,2550
Escherichia_Coli,8,False,112689515,16344706,51276,1388,16397370,17068515,7209,607253007,0.0047,0.0015,0.0091,0.0012,0.0016,0.0204,0.0019,2462
Escherichia_Coli,9,False,112689515,16351316,17564,520,16369400,17130333,7225,607253007,0.0034,0.0016,0.003,0.0027,0.0012,0.0139,0.0014,2560
Escherichia_Coli,10,False,112689515,16353406,6412,172,16359990,17202255,7201,607253007,0.0036,0.0008,0.0028,0.0011,0.0017,0.0123,0.0022,2462
Escherichia_Coli,11,False,112689515,16354056,2396,80,16356532,17277417,7206,607253007,0.0029,0.001,0.0024,0.0011,0.0012,0.011,0.0021,2464
Escherichia_Coli,12,False,112689515,16354306,828,48,16355182,17353723,7614,607253007,0.003,0.0008,0.0012,0.0024,0.0011,0.0102,0.0011,2560
Escherichia_Coli,13,False,112689515,16354428,300,28,16354756,17430421,7173,607253007,0.0021,0.0011,0.0024,0.0011,0.002,0.0097,0.0014,2442
Escherichia_Coli,14,False,112689515,16354518,132,8,16354658,17507271,7181,607253007,0.0023,0.0008,0.0015,0.0022,0.001,0.0099,0.002,2557
Escherichia_Coli,15,True,,0,0,0,0,,,,,,,,,,,
HDFS_1,0,False,104857600,131034,19714124,9197332,29042490,247080699,3179,771419796,15.1863,1.8561,45.0698,2.0333,0.1717,64.3263,4.1287,731
HDFS_1,1,False,104857600,2351028,30628244,3911188,36890460,91964381,4269,616322916,6.2343,1.3546,206.5573,0.4583,0.4469,215.0546,2.1142,1069
HDFS_1,2,False,104857600,9435958,29074140,1759080,40269178,37963079,4874,571482524,2.2548,0.4116,11.0856,0.1076,0.2972,14.1602,0.6684,1225
HDFS_1,3,False,104857600,17794040,15330644,367480,33492164,27238721,4978,576818708,0.6062,0.188,2.9837,0.0179,0.178,3.975,0.1896,1295
HDFS_1,4,False,104857600,20953186,6199756,129996,27282938,24531587,5032,576818708,0.1637,0.0492,1.047,0.0073,0.0239,1.2934,0.0637,1381
HDFS_1,5,False,104857600,21907468,95964,2192,22005624,22416733,5061,576818708,0.0062,0.004,0.0091,0.0023,0.0027,0.0267,0.0029,1240
HDFS_1,6,False,104857600,21917238,3724,108,21921070,22457047,5052,576818708,0.0026,0.0016,0.0025,0.0011,0.0011,0.0104,0.0022,1350
HDFS_1,7,True,,0,0,0,0,,,,,,,,,,,
Horspool,0,False,571839680,258,157980,707576,865814,1309816715,11724,4169034224,32.5774,0.0012,0.0027,0.8545,0.0094,33.8986,18.646,2985
Horspool,1,False,571839680,428,157820,707532,865780,546237733,14903,3405456360,15.4179,0.0015,0.0016,1.6448,0.011,17.0956,7.8105,2962
Horspool,2,False,571839680,574,160628,705036,866238,76596775,15819,2935892464,2.3027,0.0007,0.0013,0.3456,0.0068,2.6616,1.0235,2761
Horspool,3,False,571839680,672,161532,707488,869692,38490873,16358,2897709656,1.382,0.0007,0.0012,0.5078,0.0099,1.9077,0.6587,2800
Horspool,4,False,571839680,778,164620,703752,869150,16595275,15927,2876045096,0.6741,0.0036,0.0099,0.1855,0.0094,0.8842,0.2342,2827
Horspool,5,False,571839680,7548,1537060,73304,1617912,3474237,15923,2862847912,0.1645,0.061,0.6856,0.0051,0.0074,0.9256,0.0664,2780
Horspool,6,False,571839680,259574,1556540,43192,1859306,1772119,15979,2862616040,0.1316,0.0206,0.3972,0.0034,0.0102,0.5645,0.0256,2776
Horspool,7,False,571839680,531848,521772,13976,1067596,1464033,15965,2862616040,0.0203,0.0072,0.0686,0.0023,0.0055,0.1056,0.0085,2776
Horspool,8,False,571839680,617074,171612,4600,793286,1411731,16099,2862616040,0.0085,0.0045,0.0192,0.0014,0.0039,0.0389,0.0035,3152
Horspool,9,False,571839680,641548,56036,1460,699044,1443229,15975,2862616040,0.0046,0.0023,0.0084,0.0011,0.0014,0.0187,0.0016,2983
Horspool,10,False,571839680,648958,18532,524,668014,1505095,15941,2862616040,0.0036,0.0024,0.0031,0.0011,0.0012,0.0128,0.0013,2822
Horspool,11,False,571839680,651088,6388,176,657652,1576745,15896,2862616040,0.0041,0.0008,0.0016,0.0025,0.0015,0.0127,0.0014,2836
Horspool,12,False,571839680,651714,2268,76,654058,1651859,15901,2862616040,0.0029,0.0007,0.0012,0.0026,0.0011,0.01,0.002,2918
Horspool,13,False,571839680,651948,740,40,652728,1728165,15881,2862616040,0.0029,0.0008,0.0028,0.0011,0.001,0.0115,0.0009,2952
Horspool,14,False,571839680,652062,268,32,652362,1804887,15835,2862616040,0.0024,0.0007,0.0024,0.0027,0.001,0.011,0.0013,2784
Horspool,15,False,571839680,652152,84,24,652260,1881745,15899,2862616040,0.003,0.0007,0.0021,0.0018,0.0021,0.0115,0.0012,2787
Horspool,16,False,571839680,652242,68,4,652314,1958667,15842,2863602428,0.0032,0.0014,0.002,0.001,0.001,0.0107,0.0012,2790
Horspool,17,True,,0,0,0,0,,,,,,,,,,,
NQueens,0,False,302590158,226,167804,320740,488770,634626891,5754,2147596796,18.4019,0.0021,0.0028,2.1757,0.0071,20.6193,8.5382,1503
NQueens,1,False,302590158,364,167596,320516,488476,235906901,6998,1748877908,7.6831,0.0023,0.0022,1.5619,0.0044,9.2705,3.3284,1518
NQueens,2,False,302590158,486,172916,314484,487886,40332527,7247,1553380596,1.3421,0.0113,0.0869,0.2668,0.0047,1.7176,0.6704,1385
NQueens,3,False,302590158,616,303516,308760,612892,18649041,7303,1531620204,0.7048,0.0653,0.4437,0.0617,0.0065,1.2843,0.3592,1403
NQueens,4,False,302590158,2938,740836,115564,859338,2761643,7442,1515964740,0.1545,0.0461,0.3971,0.0076,0.0069,0.6135,0.0436,1785
NQueens,5,False,302590158,118316,948292,30476,1097084,1257589,7356,1514917928,0.0426,0.0178,0.1569,0.0046,0.0072,0.2311,0.0166,1409
NQueens,6,False,302590158,279918,380916,10352,671186,1050007,7454,1514917928,0.0162,0.0056,0.0499,0.0021,0.0036,0.0785,0.0067,1603
NQueens,7,False,302590158,339032,124140,3224,466396,1027865,7359,1514917928,0.0066,0.0032,0.0147,0.0012,0.003,0.0309,0.0029,1409
NQueens,8,False,302590158,356634,39812,1080,397526,1071499,7358,1515315512,0.0039,0.0021,0.0051,0.0011,0.0013,0.0156,0.0024,1447
NQueens,9,False,302590158,361476,12748,320,374544,1137245,7384,1515315512,0.0046,0.0022,0.0023,0.0011,0.0012,0.0134,0.0015,1546
NQueens,10,False,302590158,362830,4620,156,367606,1210519,7377,1515315512,0.0108,0.0019,0.0014,0.001,0.001,0.0179,0.0021,1411
NQueens,11,False,302590158,363280,1508,64,364852,1286193,7370,1515315512,0.0035,0.0017,0.0021,0.0011,0.001,0.0113,0.0017,1594
NQueens,12,False,302590158,363450,548,40,364038,1362723,7489,1515315512,0.0039,0.0019,0.0025,0.0011,0.0011,0.0115,0.0013,1490
NQueens,13,False,302590158,363556,252,32,363840,1439525,7361,1515315512,0.0031,0.0015,0.0027,0.0011,0.0023,0.0131,0.0013,1406
NQueens,14,False,302590158,363646,116,24,363786,1516399,7380,1515315512,0.0028,0.0007,0.0011,0.0013,0.001,0.009,0.001,1415
NQueens,15,False,302590158,363736,68,4,363808,1593313,7386,1515315512,0.0037,0.0007,0.0011,0.0016,0.001,0.0094,0.0013,1415
NQueens,16,True,,0,0,0,0,,,,,,,,,,,
Quicksort,0,False,381494534,242,145188,572084,717514,889132347,7631,2796624136,22.1022,0.0021,0.0012,0.5803,0.008,22.6984,12.0701,2046
Quicksort,1,False,381494534,420,139428,559276,699124,304359805,9540,2211852712,7.9015,0.002,0.0009,0.5967,0.057,8.563,4.1682,1963
Quicksort,2,False,381494534,574,141740,559480,701794,54192759,9911,1961762728,1.8345,0.0035,0.0092,0.4342,0.0118,2.3004,1.0371,1946
Quicksort,3,False,381494534,776,141052,559996,701824,24889001,9965,1932382088,1.0616,0.0032,0.0026,0.44,0.007,1.5182,0.3477,1954
Quicksort,4,False,381494534,10706,914028,267176,1191910,4072611,9998,1911797752,0.2758,0.0636,0.6632,0.0194,0.0102,1.034,0.0798,2043
Quicksort,5,False,381494534,131324,1500028,50280,1681632,1749357,10032,1909601176,0.0724,0.0274,0.3888,0.0033,0.0074,0.5006,0.0261,1951
Quicksort,6,False,381494534,391398,609852,16368,1017618,1300311,10049,1909995904,0.0242,0.0107,0.083,0.0029,0.0048,0.127,0.0096,1976
Quicksort,7,False,381494534,490928,201484,5344,697756,1226481,10047,1909995904,0.0085,0.0056,0.0213,0.0013,0.0037,0.0415,0.0039,2138
Quicksort,8,False,381494534,519570,66220,1828,587618,1250035,10029,1910079224,0.0066,0.0015,0.0079,0.0011,0.0015,0.0204,0.0019,2141
Quicksort,9,False,381494534,528228,21076,596,549900,1308901,10017,1910079224,0.0047,0.0018,0.0039,0.0011,0.0012,0.0148,0.0016,1951
Quicksort,10,False,381494534,530606,6932,160,537698,1379735,10121,1910079224,0.0026,0.0018,0.0025,0.001,0.0011,0.0101,0.0023,2119
Quicksort,11,False,381494534,531288,2468,80,533836,1454689,10040,1910079224,0.0033,0.0008,0.0031,0.0011,0.0011,0.0115,0.0015,2060
Quicksort,12,False,381494534,531538,836,40,532414,1530955,10011,1910079224,0.0023,0.0012,0.0011,0.0025,0.0011,0.01,0.0011,1958
Quicksort,13,False,381494534,531660,268,32,531960,1607637,10082,1910079224,0.0028,0.0007,0.0019,0.0026,0.0011,0.0104,0.002,2128
Quicksort,14,False,381494534,531750,124,24,531898,1684503,10028,1910079224,0.0042,0.0007,0.0024,0.001,0.0011,0.0112,0.002,1954
Quicksort,15,True,,0,0,0,0,,,,,,,,,,,
Thunderbird,0,False,104857600,106842,12522924,7414420,20044186,262454555,3023,786777398,12.4176,1.7362,36.1564,3.0825,0.1064,53.5124,4.3371,731
Thunderbird,1,False,104857600,1289108,21531044,2873512,25693664,85098813,4081,609614070,5.2441,1.1432,31.3304,0.2199,0.3528,38.2939,1.4934,804
Thunderbird,2,False,104857600,7082446,26415684,1363220,34861350,34781183,4156,563832046,1.9334,0.3992,477.8685,0.0804,0.4044,480.6889,0.6747,923
Thunderbird,3,False,104857600,13012032,14580164,344348,27936544,21751617,4327,565175310,0.5908,0.138,8.3689,0.0164,0.1857,9.3013,0.2154,994
Thunderbird,4,False,104857600,15701626,3235692,68456,19005774,17754539,4352,565175310,0.1046,0.035,0.4364,0.0055,0.02,0.6036,0.0401,910
Thunderbird,5,False,104857600,16173788,38268,896,16212952,16654117,4361,565175310,0.005,0.0019,0.0042,0.0011,0.002,0.0165,0.0025,915
Thunderbird,6,False,104857600,16177486,652,24,16178162,16715719,4358,565175310,0.0029,0.0007,0.0011,0.0015,0.0011,0.0087,0.0014,1087
Thunderbird,7,True,,0,0,0,0,,,,,,,,,,,
Windows,0,False,104857600,50898,1817700,321712,2190310,245514675,3062,769833350,7.2065,0.2574,2.4141,1.0285,0.0161,10.9277,3.567,678
Windows,1,False,104857600,176828,1684164,288492,2149484,84846269,3868,609177334,2.7817,0.171,2.2784,0.3538,0.0148,5.604,1.5735,705
Windows,2,False,104857600,402470,1868900,177472,2448842,27425775,4095,551861310,0.8853,0.0755,1.2231,0.0751,0.0162,2.2775,0.3987,748
Windows,3,False,104857600,722280,1777908,70400,2570588,10159465,4149,534532302,0.3179,0.0535,0.607,0.0313,0.0126,1.0237,0.1939,754
Windows,4,False,104857600,1035146,1185796,30656,2251598,5052123,4183,529682078,0.1259,0.0182,0.3708,0.0105,0.0078,0.5358,0.0645,770
Windows,5,False,104857600,1288356,601236,14952,1904544,3350741,4177,528318086,0.0595,0.0082,0.1087,0.0058,0.0048,0.1893,0.0351,771
Windows,6,False,104857600,1437206,130740,3244,1571190,2080911,4187,528318086,0.0098,0.0025,0.0179,0.0026,0.0019,0.037,0.0037,768
Windows,7,False,104857600,1454024,31428,848,1486300,2088505,4194,528318086,0.0044,0.0012,0.0044,0.0011,0.0013,0.0138,0.0031,770
Windows,8,False,104857600,1457506,12388,288,1470182,2156171,4197,528318086,0.0037,0.0009,0.0023,0.0025,0.0012,0.012,0.0014,964
Windows,9,False,104857600,1458788,4236,140,1463164,2229493,4180,528318086,0.0038,0.0019,0.0019,0.0011,0.0011,0.0112,0.0022,767
Windows,10,False,104857600,1459214,740,28,1459982,2304887,4194,528318086,0.0027,0.0018,0.0011,0.001,0.0022,0.011,0.0012,768
Windows,11,False,104857600,1459328,212,16,1459556,2381577,4184,528318086,0.0033,0.0011,0.0019,0.001,0.001,0.0105,0.0013,776
Windows,12,True,,0,0,0,0,,,,,,,,,,,
cere,0,False,461286644,2496890,24828588,1606508,28931986,963914611,16576,3270391284,37.8916,1.5018,40.1377,4.0087,0.115,83.6624,19.3689,3620
cere,1,False,461286644,6118636,27118924,1341740,34579300,311440565,22620,2618070468,14.0095,0.9185,18.127,1.7727,0.3265,35.1588,10.4026,6919
cere,2,False,461286644,11373454,15538172,933200,27844826,111048887,24666,2417981916,4.7716,0.5954,11.0714,0.5041,0.162,17.1069,3.0492,8103
cere,3,False,461286644,14326656,9559300,551180,24437136,47058937,25332,2354090924,1.7511,0.2524,6.2564,0.1197,0.0916,8.4741,0.8226,8305
cere,4,False,461286644,16199042,5777180,277956,22254178,27133419,25543,2342588972,0.7005,0.1608,3.4624,0.0294,0.0381,4.3935,0.3117,8562
cere,5,False,461286644,17407412,3050196,114952,20572560,21271765,25569,2342588972,0.2173,0.0635,1.3534,0.0086,0.0194,1.6643,0.092,8325
cere,6,False,461286644,18016446,1381892,47912,19446250,19684951,25599,2342588972,0.0709,0.0231,0.4433,0.004,0.0099,0.5535,0.0296,8342
cere,7,False,461286644,18275832,534356,16056,18826244,19254897,25620,2342588972,0.0234,0.0111,0.0832,0.0019,0.0046,0.126,0.0099,8452
cere,8,False,461286644,18368034,194364,5380,18567778,19179579,25760,2342588972,0.0089,0.0046,0.0219,0.0014,0.0044,0.0436,0.004,8415
cere,9,False,461286644,18396716,66284,1800,18464800,19204493,25637,2342588972,0.0048,0.0015,0.008,0.0011,0.0034,0.0204,0.0022,8371
cere,10,False,461286644,18405454,20756,584,18426794,19262999,25615,2342588972,0.0043,0.001,0.0053,0.0011,0.0012,0.0151,0.0013,8523
cere,11,False,461286644,18407848,7132,188,18415168,19333985,25705,2342588972,0.003,0.0008,0.0018,0.0016,0.0011,0.0104,0.0022,8550
cere,12,False,461286644,18408546,2476,92,18411114,19408803,25655,2342588972,0.0037,0.0016,0.0012,0.0011,0.0011,0.0111,0.0013,8375
cere,13,False,461286644,18408796,724,40,18409560,19485005,25611,2342588972,0.0028,0.0007,0.0015,0.001,0.0011,0.0094,0.0015,8363
cere,14,False,461286644,18408910,228,28,18409166,19561719,25610,2342588972,0.0027,0.0016,0.0027,0.0011,0.0011,0.0101,0.0014,8406
cere,15,False,461286644,18409000,100,8,18409108,19638593,25659,2342588972,0.0029,0.0018,0.0026,0.0011,0.001,0.0102,0.0009,8460
cere,16,True,,0,0,0,0,,,,,,,,,,,
coreutils,0,False,205281778,498514,21061668,427060,21987242,479169691,7168,1505655236,20.5995,0.9702,22.0628,2.6388,0.099,46.3766,8.7999,1731
coreutils,1,False,205281778,3889260,19441596,302040,23632896,165176653,9426,1192085628,6.9493,0.5766,10.3363,0.7852,0.2319,18.8823,3.7715,2575
coreutils,2,False,205281778,7471190,10588324,182584,18242098,60513375,10172,1087615532,2.3252,0.1929,4.9656,0.2068,0.0637,7.7573,1.1435,2739
coreutils,3,False,205281778,9497000,5534796,101864,15133660,28247657,10506,1055311500,0.7358,0.1232,2.0695,0.0704,0.032,3.0324,0.3732,2913
coreutils,4,False,205281778,10615114,2394108,52364,13061586,16552739,10511,1052666132,0.2913,0.0506,0.8091,0.0137,0.0166,1.1827,0.1392,2851
coreutils,5,False,205281778,11084748,874924,22896,11982568,13127381,10538,1052666132,0.0825,0.0189,0.2485,0.0059,0.0091,0.3662,0.0374,2859
coreutils,6,False,205281778,11245262,264044,7756,11517062,12177183,10538,1052666132,0.0236,0.0056,0.0555,0.0023,0.0029,0.0914,0.0101,3122
coreutils,7,False,205281778,11289080,90444,2980,11382504,12014137,10622,1052666132,0.0076,0.0045,0.0161,0.0014,0.004,0.0357,0.0049,2964
coreutils,8,False,205281778,11302066,34756,1144,11337966,12027491,10551,1052666132,0.0055,0.0014,0.0073,0.0011,0.0029,0.0203,0.002,2843
coreutils,9,False,205281778,11306756,14348,480,11321584,12086421,10524,1052666132,0.0035,0.001,0.0031,0.0011,0.0024,0.013,0.0014,2858
coreutils,10,False,205281778,11308430,5724,184,11314338,12157271,10540,1052666132,0.0033,0.0012,0.0025,0.0011,0.0011,0.0111,0.0014,2860
coreutils,11,False,205281778,11309048,2460,76,11311584,12232465,10515,1052666132,0.0037,0.0007,0.0012,0.0012,0.001,0.0095,0.0017,2859
coreutils,12,False,205281778,11309298,812,44,11310154,12308707,10542,1052666132,0.0035,0.0018,0.0011,0.0011,0.0011,0.0107,0.0012,2868
coreutils,13,False,205281778,11309420,196,16,11309632,12385357,10625,1052666132,0.0028,0.0015,0.0017,0.001,0.001,0.0089,0.0009,2987
coreutils,14,True,,0,0,0,0,,,,,,,,,,,
dblp.xml.00001.1,0,False,104857600,40666,877100,21612,939378,238539851,3395,762854886,6.7271,0.0376,0.6231,0.4445,0.008,7.8436,3.5867,915
dblp.xml.00001.1,1,False,104857600,169972,741028,21416,932416,90435381,4137,614760142,2.9085,0.0254,0.2111,0.3327,0.0063,3.4867,1.3756,853
dblp.xml.00001.1,2,False,104857600,283374,441716,18728,743818,32627535,4477,557037742,0.9414,0.0139,0.1027,0.1001,0.005,1.1648,0.5014,907
dblp.xml.00001.1,3,False,104857600,353680,251908,16352,621940,12717737,4570,537054006,0.4579,0.0077,0.0554,0.0369,0.0033,0.5626,0.192,936
dblp.xml.00001.1,4,False,104857600,389858,87628,11408,488894,3470971,4585,528038630,0.0842,0.0038,0.0402,0.0082,0.0019,0.1408,0.0591,946
dblp.xml.00001.1,5,False,104857600,402036,52836,8560,463432,1730405,4593,526222294,0.039,0.0044,0.0289,0.0032,0.0014,0.0784,0.0206,1177
dblp.xml.00001.1,6,False,104857600,409238,38612,5708,453558,1226359,4682,525835662,0.0152,0.0034,0.0232,0.0016,0.0013,0.0457,0.0072,952
dblp.xml.00001.1,7,False,104857600,414840,30988,2568,448396,1120033,4599,525835662,0.0075,0.0034,0.017,0.0013,0.0013,0.0327,0.0043,949
dblp.xml.00001.1,8,False,104857600,419514,21460,1724,442698,1140691,4613,526642182,0.0049,0.0026,0.0061,0.0012,0.0027,0.0195,0.0026,948
dblp.xml.00001.1,9,False,104857600,422836,12996,332,436164,1200877,4597,526642182,0.004,0.0017,0.0039,0.0011,0.0011,0.0142,0.0017,950
dblp.xml.00001.1,10,False,104857600,424478,5900,172,430550,1272975,4605,526642182,0.0029,0.0019,0.0034,0.0027,0.0011,0.0129,0.0021,1129
dblp.xml.00001.1,11,False,104857600,425056,3036,100,428192,1348753,4599,526642182,0.0021,0.0019,0.0029,0.001,0.0011,0.0099,0.0022,1109
dblp.xml.00001.1,12,False,104857600,425346,1460,72,426878,1425091,4797,526642182,0.004,0.0007,0.0019,0.001,0.0023,0.0119,0.0016,950
dblp.xml.00001.1,13,False,104857600,425516,500,40,426056,1501613,4666,526642182,0.0043,0.0018,0.0011,0.0016,0.0011,0.0113,0.0015,954
dblp.xml.00001.1,14,False,104857600,425614,164,28,425806,1578391,4682,526642182,0.0026,0.0007,0.0024,0.0026,0.0011,0.0118,0.0016,1090
dblp.xml.00001.1,15,False,104857600,425704,84,4,425792,1655289,4664,526642182,0.0026,0.0018,0.0014,0.0011,0.0011,0.0088,0.0021,1105
dblp.xml.00001.1,16,True,,0,0,0,0,,,,,,,,,,,
dblp.xml.00001.2,0,False,104857600,40690,928260,7332,976282,238575091,3324,762890126,7.1107,0.0328,0.5591,0.5703,0.0055,8.2841,3.6087,918
dblp.xml.00001.2,1,False,104857600,169964,793356,7296,970616,90420037,4198,614744830,3.0284,0.0154,0.2604,0.4267,0.0052,3.7409,1.4036,845
dblp.xml.00001.2,2,False,104857600,283310,469684,7164,760158,32626711,4463,557036958,1.0825,0.0085,0.1029,0.0831,0.0053,1.2846,0.6991,912
dblp.xml.00001.2,3,False,104857600,353624,275460,6940,636024,12708473,4575,537044766,0.3791,0.0053,0.0807,0.0326,0.0036,0.5034,0.259,1043
dblp.xml.00001.2,4,False,104857600,389802,103580,6328,499710,3474779,4687,528042438,0.1116,0.0051,0.0373,0.0088,0.0016,0.1657,0.0599,949
dblp.xml.00001.2,5,False,104857600,401940,64364,5568,471872,1733813,4683,526224678,0.0397,0.0043,0.0313,0.0041,0.0018,0.0832,0.0197,1090
dblp.xml.00001.2,6,False,104857600,409142,47172,4672,460986,1228023,4601,525835574,0.0161,0.0032,0.0231,0.002,0.0026,0.0481,0.0088,947
dblp.xml.00001.2,7,False,104857600,414720,34444,2972,452136,1120625,4757,525835574,0.0078,0.0034,0.0141,0.0013,0.0015,0.0304,0.0031,1077
dblp.xml.00001.2,8,False,104857600,419394,22876,1124,443394,1139611,4576,526640014,0.003,0.0028,0.0065,0.0011,0.0012,0.0161,0.0019,947
dblp.xml.00001.2,9,False,104857600,422668,13124,476,436268,1200285,4603,526640014,0.0041,0.0009,0.0032,0.001,0.0012,0.0124,0.0016,1109
dblp.xml.00001.2,10,False,104857600,424222,4924,152,429298,1272167,4597,526640014,0.0039,0.0016,0.0015,0.0011,0.0012,0.0108,0.0022,948
dblp.xml.00001.2,11,False,104857600,424712,2268,84,427064,1348017,4795,526640014,0.0027,0.0018,0.0012,0.0028,0.001,0.0105,0.0028,949
dblp.xml.00001.2,12,False,104857600,424954,924,48,425926,1424419,4681,526640014,0.0027,0.0019,0.0011,0.0021,0.0011,0.0101,0.0012,948
dblp.xml.00001.2,13,False,104857600,425084,276,36,425396,1501069,4595,526640014,0.0032,0.0007,0.0011,0.0022,0.0011,0.0098,0.0011,945
dblp.xml.00001.2,14,False,104857600,425174,124,24,425322,1577927,4729,526640014,0.0028,0.0007,0.0011,0.002,0.001,0.0098,0.002,944
dblp.xml.00001.2,15,False,104857600,425264,68,4,425336,1654841,4607,526640014,0.0031,0.0017,0.0022,0.001,0.001,0.01,0.0021,1110
dblp.xml.00001.2,16,True,,0,0,0,0,,,,,,,,,,,
dblp.xml.0001.1,0,False,104857600,55362,1276956,205424,1537742,238562123,3224,762878884,7.7215,0.0483,1.1186,1.2418,0.0083,10.1467,3.6397,790
dblp.xml.0001.1,1,False,104857600,229212,1140932,168288,1538432,90493261,4165,614827420,3.0442,0.0502,0.6565,0.5138,0.0275,4.2951,1.4375,862
dblp.xml.0001.1,2,False,104857600,397654,870052,121696,1389402,32741223,4498,557159436,0.9877,0.0442,0.6071,0.1046,0.0096,1.7547,0.6529,936
dblp.xml.0001.1,3,False,104857600,528440,652012,97300,1277752,12891825,4600,537247140,0.3865,0.041,0.4121,0.0386,0.0064,0.8861,0.1955,1129
dblp.xml.0001.1,4,False,104857600,637770,378236,58212,1074218,3719947,4651,528309380,0.1026,0.0292,0.232,0.0075,0.0034,0.3761,0.0512,956
dblp.xml.0001.1,5,False,104857600,706708,294084,31328,1032120,2036405,4636,526554876,0.0496,0.0148,0.1513,0.0045,0.0034,0.2259,0.0206,961
dblp.xml.0001.1,6,False,104857600,760590,219420,12052,992062,1578335,4634,526510428,0.0183,0.0082,0.0572,0.002,0.0025,0.0894,0.0076,954
dblp.xml.0001.1,7,False,104857600,799824,126564,4668,931056,1505569,4637,526510428,0.0084,0.0026,0.0188,0.0012,0.0025,0.0357,0.0034,961
dblp.xml.0001.1,8,False,104857600,819434,49940,1356,870730,1540595,4636,527154780,0.0049,0.0013,0.0066,0.0021,0.0014,0.0185,0.0016,1103
dblp.xml.0001.1,9,False,104857600,825588,16564,412,842564,1603557,4635,527154780,0.0035,0.0023,0.0027,0.0011,0.0012,0.0129,0.0014,1037
dblp.xml.0001.1,10,False,104857600,827462,5884,184,833530,1675943,4634,527154780,0.0027,0.0008,0.0037,0.0011,0.0011,0.0103,0.0009,1093
dblp.xml.0001.1,11,False,104857600,828048,2604,88,830740,1751521,4637,527154780,0.0029,0.0011,0.0012,0.0023,0.0011,0.0102,0.0011,958
dblp.xml.0001.1,12,False,104857600,828314,1092,52,829458,1827867,4652,527154780,0.0033,0.0008,0.0012,0.001,0.001,0.0098,0.0012,958
dblp.xml.0001.1,13,False,104857600,828460,388,32,828880,1904501,4751,527154780,0.0029,0.0007,0.0023,0.001,0.0011,0.0093,0.0015,956
dblp.xml.0001.1,14,False,104857600,828558,156,28,828742,1981327,4644,527154780,0.0023,0.0009,0.0011,0.0024,0.0021,0.011,0.0015,1192
dblp.xml.0001.1,15,True,,0,0,0,0,,,,,,,,,,,
dblp.xml.0001.2,0,False,104857600,55562,1593260,72820,1721642,238964323,3285,763281004,7.9791,0.0861,1.4194,0.9223,0.0087,10.42,3.7068,777
dblp.xml.0001.2,1,False,104857600,230324,1399156,70220,1699700,90413541,4248,614747436,3.0012,0.0622,1.0136,0.311,0.0111,4.4014,1.6088,983
dblp.xml.0001.2,2,False,104857600,399910,1039004,65520,1504434,32727119,4581,557144636,1.2028,0.0377,0.7785,0.0897,0.0085,2.1194,0.5289,941
dblp.xml.0001.2,3,False,104857600,531608,777108,59780,1368496,12855857,4684,537209996,0.5405,0.0416,0.5567,0.0446,0.007,1.1919,0.1984,953
dblp.xml.0001.2,4,False,104857600,640370,466460,44392,1151222,3778099,4716,528365876,0.1374,0.0275,0.2787,0.0093,0.0048,0.4595,0.063,1093
dblp.xml.0001.2,5,False,104857600,707604,346668,27568,1081840,2088045,4721,526604100,0.0512,0.0159,0.181,0.0031,0.004,0.257,0.0222,967
dblp.xml.0001.2,6,False,104857600,762038,234908,12724,1009670,1600031,4717,526508940,0.0195,0.0084,0.0696,0.0033,0.0028,0.1056,0.0094,972
dblp.xml.0001.2,7,False,104857600,801480,134284,4424,940188,1516705,4727,526508940,0.0085,0.0037,0.0219,0.0017,0.0019,0.0394,0.0035,971
dblp.xml.0001.2,8,False,104857600,822802,54596,1516,878914,1546915,4868,527167092,0.0054,0.002,0.0072,0.0012,0.0025,0.0203,0.0022,969
dblp.xml.0001.2,9,False,104857600,829540,17900,468,847908,1608165,4738,527167092,0.0036,0.0009,0.0028,0.0027,0.002,0.0141,0.0012,978
dblp.xml.0001.2,10,False,104857600,831534,6620,168,838322,1680599,4740,527167092,0.0031,0.002,0.0031,0.0018,0.0011,0.0129,0.0013,1059
dblp.xml.0001.2,11,False,104857600,832192,2476,84,834752,1755601,4696,527167092,0.0038,0.0008,0.0031,0.0011,0.0023,0.0132,0.002,1104
dblp.xml.0001.2,12,False,104857600,832450,1068,48,833566,1831987,4844,527167092,0.0031,0.0017,0.0018,0.0016,0.001,0.0101,0.0013,968
dblp.xml.0001.2,13,False,104857600,832580,348,40,832968,1908605,4722,527167092,0.0025,0.0018,0.0016,0.0011,0.001,0.0096,0.0009,1130
dblp.xml.0001.2,14,False,104857600,832670,76,20,832766,1985407,4719,527167092,0.0032,0.0018,0.0011,0.0025,0.001,0.0112,0.0011,969
dblp.xml.0001.2,15,True,,0,0,0,0,,,,,,,,,,,
dblp.xml.100MB,0,False,104857600,859250,39378564,6908040,47145854,239707947,3539,764143202,14.0384,2.7672,77.9564,0.6996,0.2214,95.6892,4.1315,933
dblp.xml.100MB,1,False,104857600,8336900,48231444,3672020,60240364,98669253,4992,623799034,6.196,1.1916,1540.882,0.2905,0.7065,1549.2714,1.8478,1468
dblp.xml.100MB,2,False,104857600,18418598,34257708,1266932,53943238,51249919,5816,596781970,2.1955,0.5725,12.7874,0.0625,0.4994,16.1189,0.8182,1735
dblp.xml.100MB,3,False,104857600,26657344,18907372,490520,46055236,39202113,6138,596781970,0.8336,0.1787,4.5067,0.0254,0.1625,5.7099,0.2593,1793
dblp.xml.100MB,4,False,104857600,30694642,5712276,138044,36544962,34524931,6190,596781970,0.1764,0.0594,1.0777,0.0081,0.0372,1.36,0.0914,1816
dblp.xml.100MB,5,False,104857600,31784300,2324036,56552,34164888,33598557,6287,596781970,0.0843,0.0294,0.9023,0.0053,0.011,1.034,0.0322,1808
dblp.xml.100MB,6,False,104857600,32189174,757444,18880,32965498,33150655,6177,596781970,0.0276,0.0105,0.0903,0.0023,0.0055,0.1385,0.0119,1810
dblp.xml.100MB,7,False,104857600,32302704,250532,6072,32559308,33053401,6195,596781970,0.0105,0.0053,0.0272,0.0014,0.0026,0.0488,0.0042,1999
dblp.xml.100MB,8,False,104857600,32337074,80620,1892,32419586,33071691,6199,596781970,0.0048,0.0017,0.0086,0.0012,0.0016,0.0201,0.0021,1817
dblp.xml.100MB,9,False,104857600,32346636,24308,680,32371624,33128285,6214,596781970,0.0046,0.001,0.0046,0.0011,0.0013,0.015,0.0017,1815
dblp.xml.100MB,10,False,104857600,32349198,6892,180,32356270,33198327,6201,596781970,0.0042,0.0008,0.0017,0.0016,0.0024,0.0128,0.0021,1815
dblp.xml.100MB,11,False,104857600,32349872,2220,80,32352172,33273145,6204,596781970,0.0047,0.0015,0.0014,0.0011,0.0019,0.0124,0.0012,1918
dblp.xml.100MB,12,False,104857600,32350106,668,44,32350818,33349443,6208,596781970,0.003,0.0018,0.0011,0.0011,0.0011,0.0103,0.0021,1946
dblp.xml.100MB,13,False,104857600,32350220,196,36,32350452,33426165,6204,596781970,0.0038,0.0019,0.0011,0.0019,0.0011,0.012,0.0021,1828
dblp.xml.100MB,14,False,104857600,32350310,76,20,32350406,33503047,6235,596781970,0.0036,0.0018,0.0011,0.002,0.0011,0.0107,0.0021,1810
dblp.xml.100MB,15,True,,0,0,0,0,,,,,,,,,,,
dblp.xml.200MB,0,False,209715200,1390106,69150748,14815332,85356186,483543051,7100,1532538490,31.1029,5.0921,140.5166,1.6915,0.4496,178.8609,8.3737,1764
dblp.xml.200MB,1,False,209715200,15323772,92245876,6770688,114340336,191082773,10077,1241705058,12.7053,2.3813,1716.907,0.5133,1.1756,1733.6881,3.6987,2886
dblp.xml.200MB,2,False,209715200,34411614,68619148,2503444,105534206,97809751,11684,1187514634,4.4883,0.9072,26.8678,0.1379,0.7227,33.1271,1.4446,3570
dblp.xml.200MB,3,False,209715200,50935104,36292244,940240,88167588,75003193,12349,1187514634,1.6242,0.473,9.853,0.0549,0.3377,12.3443,0.5969,3840
dblp.xml.200MB,4,False,209715200,59229826,10566260,259416,70055502,66019995,12512,1187514634,0.4524,0.1022,2.5734,0.0125,0.0821,3.2244,0.1726,3887
dblp.xml.200MB,5,False,209715200,61355444,4142124,100180,65597748,64240701,12667,1187514634,0.1552,0.0513,0.9138,0.006,0.0236,1.1512,0.0616,3840
dblp.xml.200MB,6,False,209715200,62118590,1364220,33780,63516590,63425455,12671,1187514634,0.0492,0.0191,0.2266,0.0027,0.0091,0.3085,0.0196,3862
dblp.xml.200MB,7,False,209715200,62336680,449716,10912,62797308,63199057,12665,1187514634,0.0168,0.0062,0.0465,0.0018,0.0037,0.0774,0.0071,3910
dblp.xml.200MB,8,False,209715200,62399210,143924,3476,62546610,63169651,12608,1187514634,0.0084,0.0023,0.0157,0.0012,0.0019,0.0318,0.003,3943
dblp.xml.200MB,9,False,209715200,62417924,44652,1148,62463724,63211221,12789,1187514634,0.0043,0.0016,0.0055,0.0011,0.0014,0.0161,0.0019,3849
dblp.xml.200MB,10,False,209715200,62423086,13252,316,62436654,63275735,12684,1187514634,0.003,0.0014,0.0029,0.0017,0.0012,0.0127,0.0014,3859
dblp.xml.200MB,11,False,209715200,62424432,4156,132,62428720,63348705,12696,1187514634,0.0038,0.0008,0.0026,0.001,0.0024,0.013,0.0014,3936
dblp.xml.200MB,12,False,209715200,62424842,1180,40,62426062,63424435,12686,1187514634,0.0034,0.0009,0.0018,0.001,0.0021,0.0113,0.0012,3859
dblp.xml.200MB,13,False,209715200,62424988,340,40,62425368,63501005,12678,1187514634,0.0038,0.0017,0.0011,0.0011,0.0016,0.0108,0.0014,3848
dblp.xml.200MB,14,False,209715200,62425086,132,28,62425246,63577847,12677,1187514634,0.0029,0.0007,0.0017,0.0023,0.0011,0.01,0.0012,3915
dblp.xml.200MB,15,False,209715200,62425176,84,4,62425264,63654761,12684,1187514634,0.0036,0.0014,0.0011,0.0018,0.001,0.0111,0.002,3935
dblp.xml.200MB,16,True,,0,0,0,0,,,,,,,,,,,
dblp.xml.50MB,0,False,52428800,551674,20881756,4259896,25693326,120210003,1743,382384624,7.1284,1.3254,53.1568,0.4652,0.1213,62.202,2.0348,489
dblp.xml.50MB,1,False,52428800,4784148,25920660,1617060,32321868,50164669,2483,312615176,2.6632,0.6379,15.4876,0.1222,0.3497,19.2654,0.9601,744
dblp.xml.50MB,2,False,52428800,9962582,17553172,758648,28274402,26614631,2845,300869592,1.0448,0.2384,7.969,0.0405,0.2066,9.5016,0.4282,1013
dblp.xml.50MB,3,False,52428800,14044312,9841268,248360,24133940,20567529,3178,300869592,0.3392,0.0908,2.3202,0.0124,0.0544,2.819,0.1314,838
dblp.xml.50MB,4,False,52428800,15988698,2878988,71612,18939298,18110747,3041,300869592,0.0886,0.0378,0.4927,0.0039,0.0139,0.6381,0.0452,851
dblp.xml.50MB,5,False,52428800,16511172,1162940,30392,17704504,17652125,3050,300869592,0.0445,0.0154,0.1843,0.0027,0.0083,0.2578,0.0189,1046
dblp.xml.50MB,6,False,52428800,16703942,376812,9400,17090154,17452447,3051,300869592,0.015,0.0061,0.042,0.0021,0.0038,0.0708,0.0062,865
dblp.xml.50MB,7,False,52428800,16757120,124916,2964,16885000,17439273,3053,300869592,0.0077,0.0022,0.0144,0.0012,0.0018,0.0295,0.0026,1056
dblp.xml.50MB,8,False,52428800,16773170,40356,936,16814462,17486283,3057,300869592,0.0045,0.0012,0.0048,0.0011,0.0013,0.0149,0.0039,860
dblp.xml.50MB,9,False,52428800,16777644,12484,324,16790452,17552837,3059,300869592,0.0028,0.0009,0.0035,0.0011,0.0012,0.0116,0.0014,974
dblp.xml.50MB,10,False,52428800,16778886,4044,120,16783050,17626247,3078,300869592,0.0043,0.0008,0.0013,0.0019,0.0011,0.0111,0.0012,864
dblp.xml.50MB,11,False,52428800,16779256,1188,52,16780496,17702009,3072,300869592,0.0037,0.0009,0.0016,0.001,0.0011,0.0103,0.0013,863
dblp.xml.50MB,12,False,52428800,16779410,372,36,16779818,17778595,3072,300869592,0.0034,0.0008,0.0011,0.001,0.0024,0.0108,0.0012,890
dblp.xml.50MB,13,False,52428800,16779508,124,24,16779656,17855413,3072,300869592,0.0036,0.0012,0.0022,0.0011,0.001,0.0114,0.0011,933
dblp.xml.50MB,14,True,,0,0,0,0,,,,,,,,,,,
dblp.xml,0,False,296135874,1710426,101502196,17999860,121212482,685429571,10006,2166374376,42.4354,8.238,873.817,2.2764,0.6035,927.3807,12.3263,2461
dblp.xml,1,False,296135874,20151684,127122324,8136388,155410396,266397901,14264,1748099400,17.1781,3.5446,120.7686,0.6245,1.6505,143.7709,5.4331,4091
dblp.xml,2,False,296135874,47141238,95537428,3391576,146070242,135623719,16634,1665833456,6.4357,1.4821,128.4911,0.2751,0.9599,137.646,2.0954,5131
dblp.xml,3,False,296135874,69783232,50120644,1335336,121239212,103359985,17738,1665833456,2.296,0.4894,16.5065,0.073,0.7169,20.0856,0.781,5645
dblp.xml,4,False,296135874,81446378,14376052,349268,96171698,90541355,17961,1665833456,0.5898,0.1337,2.8383,0.0156,0.1041,3.6846,0.188,5540
dblp.xml,5,False,296135874,84473388,5591452,132572,90197412,88198237,18055,1665833456,0.2171,0.0695,2.4541,0.0047,0.0346,2.7813,0.0835,5619
dblp.xml,6,False,296135874,85500950,1844668,46100,87391718,87082199,17930,1665833456,0.0674,0.024,0.3847,0.0039,0.0121,0.4932,0.0248,5551
dblp.xml,7,False,296135874,85796848,606108,14820,86417776,86747929,18026,1665833456,0.0221,0.009,0.069,0.002,0.005,0.1082,0.0094,5849
dblp.xml,8,False,296135874,85887002,192508,4604,86084114,86685963,17926,1665833456,0.0088,0.0045,0.0205,0.0013,0.0023,0.0388,0.0038,5522
dblp.xml,9,False,296135874,85912460,60620,1580,85974660,86714941,18098,1665833456,0.0046,0.0015,0.0074,0.0012,0.0015,0.0179,0.0021,5797
dblp.xml,10,False,296135874,85920030,17684,492,85938206,86775367,18099,1665833456,0.0042,0.0021,0.0028,0.0011,0.0012,0.0134,0.0018,5629
dblp.xml,11,False,296135874,85922000,5364,160,85927524,86847009,18176,1665833456,0.0035,0.0008,0.0018,0.0011,0.0012,0.0099,0.0021,5679
dblp.xml,12,False,296135874,85922522,1612,72,85924206,86922339,18127,1665833456,0.0031,0.0008,0.0016,0.001,0.0015,0.0103,0.0018,5612
dblp.xml,13,False,296135874,85922700,468,44,85923212,86998781,18162,1665833456,0.0033,0.0008,0.0011,0.0022,0.0014,0.0109,0.0013,5596
dblp.xml,14,False,296135874,85922798,180,32,85923010,87075583,18084,1665833456,0.0022,0.0007,0.0018,0.0015,0.0011,0.0096,0.0012,5611
dblp.xml,15,False,296135874,85922888,100,8,85922996,87152481,18174,1665833456,0.003,0.0008,0.0028,0.0021,0.0015,0.0122,0.0013,5572
dblp.xml,16,True,,0,0,0,0,,,,,,,,,,,
dna.001.1,0,False,104857600,13594,4694900,1081928,5790422,232671283,3642,756979992,8.6581,0.3713,6.2156,0.848,0.0348,16.1342,3.9241,902
dna.001.1,1,False,104857600,680348,5610092,813436,7103876,73012901,4912,597413272,2.9992,0.27,6.9778,0.287,0.0456,10.583,1.5521,1189
dna.001.1,2,False,104857600,1683806,3958804,531324,6173934,25305799,5173,549841192,1.1471,0.1851,3.6026,0.0694,0.0314,5.0391,0.4295,1281
dna.001.1,3,False,104857600,2483232,2917956,264608,5665796,10443945,5257,534924984,0.3622,0.1333,2.361,0.0178,0.0156,2.8911,0.1927,1376
dna.001.1,4,False,104857600,3137058,2008164,100932,5246154,5983179,5456,532036816,0.1556,0.0497,0.6462,0.0064,0.0134,0.8739,0.0647,1298
dna.001.1,5,False,104857600,3565436,1117660,36936,4720032,4816989,5326,532036816,0.0503,0.0181,0.2232,0.003,0.0092,0.3061,0.0207,1315
dna.001.1,6,False,104857600,3769686,433220,11308,4214214,4564527,5351,532036816,0.0166,0.0082,0.0471,0.0016,0.0045,0.079,0.0085,1316
dna.001.1,7,False,104857600,3834200,142500,3692,3980392,4531753,5322,532036816,0.009,0.0035,0.0157,0.0013,0.0019,0.0335,0.0033,1507
dna.001.1,8,False,104857600,3853610,43820,1148,3898578,4571067,5304,532036816,0.0045,0.0017,0.01,0.0011,0.0014,0.0197,0.0017,1488
dna.001.1,9,False,104857600,3858940,17076,468,3876484,4637141,5320,532036816,0.0031,0.0009,0.003,0.001,0.0025,0.0123,0.0015,1317
dna.001.1,10,False,104857600,3860838,5812,188,3866838,4709407,5315,532036816,0.003,0.0014,0.0019,0.0011,0.0011,0.0104,0.0013,1313
dna.001.1,11,False,104857600,3861416,1644,76,3863136,4784401,5317,532036816,0.0039,0.0013,0.0012,0.001,0.0011,0.0106,0.0021,1416
dna.001.1,12,False,104857600,3861594,580,40,3862214,4860883,5318,532036816,0.0023,0.0008,0.0011,0.0024,0.0011,0.009,0.0013,1462
dna.001.1,13,False,104857600,3861700,228,32,3861960,4937661,5319,532036816,0.0027,0.0007,0.0022,0.0011,0.0011,0.0099,0.0009,1823
dna.001.1,14,False,104857600,3861790,92,20,3861902,5014535,5300,532036816,0.0043,0.0011,0.0011,0.0025,0.0011,0.0122,0.0021,1488
dna.001.1,15,False,104857600,3861880,68,4,3861952,5091457,5348,532036816,0.0038,0.0007,0.0022,0.001,0.001,0.0109,0.0013,1316
dna.001.1,16,True,,0,0,0,0,,,,,,,,,,,
dna.100MB,0,False,104857600,51354,89009308,8941040,98001702,234037123,3836,758352584,15.097,3.3203,50.9921,0.6032,0.5203,70.5371,3.894,923
dna.100MB,1,False,104857600,15879644,107133412,2892336,125905392,89358133,5995,679847384,4.4533,1.2031,37.8176,0.1117,1.1802,44.7681,1.9487,1942
dna.100MB,2,False,104857600,40792734,38111204,944568,79848506,64755703,6924,679847384,1.3643,0.4826,7.2219,0.0355,0.5252,9.631,0.5796,2303
dna.100MB,3,False,104857600,49303504,12602036,312452,62217992,57357969,7145,679847384,0.4815,0.1583,1.9796,0.0092,0.1725,2.8025,0.1493,2382
dna.100MB,4,False,104857600,51857834,4101948,104720,56064502,54757075,7275,679847384,0.1155,0.054,0.8024,0.0055,0.0236,1.0032,0.0652,2410
dna.100MB,5,False,104857600,52649180,1318764,35808,54003752,53920133,7302,679847384,0.0427,0.0164,0.2313,0.0042,0.0104,0.307,0.0199,2293
dna.100MB,6,False,104857600,52879110,432860,11544,53323514,53679015,7211,679847384,0.0171,0.006,0.0468,0.0014,0.0046,0.0781,0.0069,2412
dna.100MB,7,False,104857600,52945352,142716,3880,53091948,53645737,7214,679847384,0.0091,0.0038,0.0154,0.0013,0.0024,0.0341,0.003,2414
dna.100MB,8,False,104857600,52965690,47156,1308,53014154,53685211,7224,679847384,0.0048,0.0018,0.0065,0.0012,0.0012,0.0163,0.0021,2419
dna.100MB,9,False,104857600,52971508,16068,464,52988040,53749341,7210,679847384,0.004,0.001,0.0027,0.001,0.0012,0.0119,0.0239,2473
dna.100MB,10,False,104857600,52973366,5956,168,52979490,53821911,7246,679847384,0.0037,0.0016,0.0015,0.001,0.001,0.0107,0.0021,2306
dna.100MB,11,False,104857600,52973952,2068,96,52976116,53897161,7236,679847384,0.0038,0.0021,0.0026,0.001,0.001,0.0114,0.002,2417
dna.100MB,12,False,104857600,52974178,700,44,52974922,53973531,7208,679847384,0.0033,0.0008,0.001,0.0016,0.0011,0.0092,0.0011,2402
dna.100MB,13,False,104857600,52974292,268,32,52974592,54050269,7218,679847384,0.0027,0.0007,0.0011,0.0015,0.0008,0.0087,0.0015,2413
dna.100MB,14,False,104857600,52974382,100,8,52974490,54127127,7301,679847384,0.0036,0.0016,0.001,0.001,0.001,0.0101,0.0007,2299
dna.100MB,15,True,,0,0,0,0,,,,,,,,,,,
dna.200MB,0,False,209715200,65914,164797620,18916468,183780002,468446283,7587,1517059480,34.1707,6.4814,103.2044,1.3853,0.7693,146.0205,7.8131,1703
dna.200MB,1,False,209715200,28328468,207542052,5752060,241622580,175362493,12169,1325847760,9.8953,2.1025,73.0096,0.2748,2.7517,88.0384,3.1491,3908
dna.200MB,2,False,209715200,78918030,75357364,1888680,156164074,126692223,14260,1325847760,2.8409,0.6822,15.3367,0.0822,1.1901,20.1358,1.0692,4821
dna.200MB,3,False,209715200,96624336,25159612,621076,122405024,112464561,14765,1325847760,0.8628,0.3147,4.1789,0.0194,0.2575,5.6347,0.3968,5011
dna.200MB,4,False,209715200,101976530,8222652,201484,110400666,107405827,14857,1325847760,0.2266,0.1035,1.296,0.0087,0.0504,1.6864,0.1255,5103
dna.200MB,5,False,209715200,103640612,2656644,67220,106364476,105727485,15014,1325847760,0.1004,0.0434,1.872,0.0043,0.0124,2.0335,0.0409,5025
dna.200MB,6,False,209715200,104127062,857940,23096,105008098,105189527,15050,1325847760,0.0321,0.0113,0.1059,0.0019,0.0065,0.1591,0.0126,5121
dna.200MB,7,False,209715200,104267864,284020,7540,104559424,105054073,14981,1325847760,0.013,0.0053,0.0288,0.0022,0.0029,0.0531,0.0052,5010
dna.200MB,8,False,209715200,104311234,93996,2608,104407838,105058995,14962,1325847760,0.0062,0.0022,0.0132,0.0011,0.0016,0.0257,0.0023,5103
dna.200MB,9,False,209715200,104323732,31532,864,104356128,105110845,15033,1325847760,0.0047,0.001,0.0042,0.0009,0.0012,0.0133,0.0012,5092
dna.200MB,10,False,209715200,104327654,11220,256,104339130,105179367,15063,1325847760,0.0026,0.0012,0.0022,0.0011,0.0011,0.0101,0.002,5010
dna.200MB,11,False,209715200,104328848,4108,128,104333084,105253081,14967,1325847760,0.0033,0.002,0.0017,0.0011,0.0023,0.0118,0.002,5172
dna.200MB,12,False,209715200,104329250,1388,68,104330706,105328955,15012,1325847760,0.0029,0.0011,0.0012,0.001,0.0023,0.0105,0.002,5019
dna.200MB,13,False,209715200,104329420,452,32,104329904,105405493,15015,1325847760,0.0024,0.0008,0.0011,0.0023,0.001,0.0097,0.0019,5008
dna.200MB,14,False,209715200,104329518,196,20,104329734,105482303,14936,1325847760,0.0035,0.0007,0.0016,0.001,0.001,0.0098,0.0011,5097
dna.200MB,15,False,209715200,104329608,84,4,104329696,105559193,14965,1325847760,0.0039,0.0017,0.0026,0.0011,0.001,0.0112,0.0016,5107
dna.200MB,16,True,,0,0,0,0,,,,,,,,,,,
dna.50MB,0,False,52428800,40466,47596820,4052144,51689430,116968731,1842,379145310,6.6415,1.6509,25.5913,0.2657,0.2019,34.354,1.9996,563
dna.50MB,1,False,52428800,8772924,54417700,1435672,64626296,45508533,2884,347204158,2.1724,0.6302,22.3345,0.0502,0.614,25.8029,0.698,920
dna.50MB,2,False,52428800,20883494,19151436,474320,40509250,32956823,3256,347204158,0.6852,0.2412,3.3715,0.0237,0.2216,4.5445,0.2246,1068
dna.50MB,3,False,52428800,24945824,6292460,154800,31393084,29118593,3348,347204158,0.1738,0.0812,0.8951,0.0072,0.0339,1.1924,0.0961,988
dna.50MB,4,False,52428800,26158514,2041116,53436,28253066,27798611,3377,347204158,0.0771,0.0347,0.7968,0.0024,0.0145,0.9275,0.0326,1164
dna.50MB,5,False,52428800,26534092,661068,17904,27213064,27399381,3372,347204158,0.0265,0.0092,0.0838,0.0017,0.0055,0.1289,0.011,999
dna.50MB,6,False,52428800,26642614,217284,5664,26865562,27311239,3373,347204158,0.0101,0.0038,0.022,0.0014,0.0023,0.0404,0.0041,999
dna.50MB,7,False,52428800,26673672,71780,1764,26747216,27331001,3373,347204158,0.0059,0.0016,0.0087,0.0015,0.0014,0.0205,0.0035,1217
dna.50MB,8,False,52428800,26683146,23212,664,26707022,27388491,3375,347204158,0.0041,0.0009,0.0054,0.001,0.0038,0.0172,0.0012,1001
dna.50MB,9,False,52428800,26685836,8316,196,26694348,27458949,3380,347204158,0.002,0.0009,0.0019,0.0017,0.0013,0.0088,0.0009,1005
dna.50MB,10,False,52428800,26686726,3236,104,26690066,27533679,3384,347204158,0.0029,0.0008,0.0014,0.0011,0.0022,0.0107,0.0009,1180
dna.50MB,11,False,52428800,26687032,1060,56,26688148,27609721,3401,347204158,0.0029,0.0011,0.001,0.001,0.0134,0.0214,0.0019,1004
dna.50MB,12,False,52428800,26687162,380,32,26687574,27686347,3376,347204158,0.0023,0.0006,0.001,0.0025,0.0009,0.0081,0.0009,1003
dna.50MB,13,False,52428800,26687260,148,28,26687436,27763181,3379,347204158,0.0033,0.0017,0.001,0.0019,0.001,0.0101,0.0009,1202
dna.50MB,14,False,52428800,26687350,68,4,26687422,27840079,3382,347204158,0.0032,0.0007,0.0025,0.0009,0.001,0.0103,0.0008,1001
dna.50MB,15,True,,0,0,0,0,,,,,,,,,,,
dna,0,False,403927746,87066,309822668,28020412,337930146,899127107,14655,2918809990,59.2831,12.4741,472.3644,2.7085,1.5908,548.4325,17.2129,3639
dna,1,False,403927746,51837484,384813860,11040572,447691916,333378197,26831,2510713478,26.9522,4.1463,156.7803,0.8809,4.6742,193.4403,8.0565,8248
dna,2,False,403927746,150118446,142702796,3571628,296392870,241330367,31826,2510713478,7.2832,1.3143,41.0786,0.2989,1.4043,51.3826,2.5111,10335
dna,3,False,403927746,185249352,47727500,1172036,234148888,215260033,33463,2510713478,2.1468,0.5471,12.1233,0.0586,0.6151,15.494,0.7485,11266
dna,4,False,403927746,195903354,15620612,385972,211909938,205931459,34042,2510713478,0.6932,0.1442,3.7991,0.02,0.1464,4.8049,0.2835,11129
dna,5,False,403927746,199220268,5036116,125804,204382188,202776093,34076,2510713478,0.2123,0.0649,2.0659,0.0047,0.0306,2.3797,0.0862,11152
dna,6,False,403927746,200190870,1619660,44232,201854762,201727695,34093,2510713478,0.0644,0.0212,0.4431,0.0034,0.0116,0.545,0.0268,11151
dna,7,False,403927746,200473656,532444,14392,201020492,201413809,34094,2510713478,0.0216,0.0095,0.0727,0.0021,0.0046,0.1118,0.0091,11245
dna,8,False,403927746,200560746,176524,4736,200742006,201358811,34185,2510713478,0.0095,0.0047,0.0217,0.0014,0.0023,0.0408,0.0037,11146
dna,9,False,403927746,200585964,59228,1596,200646788,201389637,34150,2510713478,0.0058,0.0029,0.0076,0.0013,0.0015,0.0209,0.0034,11096
dna,10,False,403927746,200593822,20644,560,200615026,201451119,34152,2510713478,0.0036,0.001,0.0033,0.0011,0.0013,0.0118,0.0016,11152
dna,11,False,403927746,200596176,7084,196,200603456,201522241,34120,2510713478,0.0033,0.0008,0.0017,0.0016,0.0011,0.0108,0.0016,11158
dna,12,False,403927746,200596882,2612,92,200599586,201597211,34130,2510713478,0.0032,0.0019,0.0013,0.0017,0.0011,0.0113,0.0019,11169
dna,13,False,403927746,200597148,796,44,200597988,201673397,34102,2510713478,0.0027,0.0007,0.0011,0.0012,0.001,0.0084,0.0014,11147
dna,14,False,403927746,200597270,340,16,200597626,201750127,34089,2510713478,0.004,0.0008,0.0011,0.0022,0.0011,0.0108,0.0013,11131
dna,15,False,403927746,200597360,116,20,200597496,201826961,34174,2510713478,0.0028,0.0007,0.002,0.0011,0.0011,0.0099,0.0021,11153
dna,16,False,403927746,200597450,68,4,200597522,201903875,34132,2510713478,0.003,0.0011,0.0011,0.0018,0.0011,0.01,0.0012,11111
dna,17,True,,0,0,0,0,,,,,,,,,,,
einstein.de,0,False,92758441,25818,565660,28508,619986,220524459,3277,684342531,6.3616,0.0292,0.2877,0.5525,0.0056,7.2402,3.4249,816
einstein.de,1,False,92758441,94908,457204,25416,577528,76075621,4043,539897075,2.1565,0.0187,0.157,0.2209,0.0052,2.5607,1.3445,901
einstein.de,2,False,92758441,153678,284828,22396,460902,26311439,4359,490213547,0.7245,0.0097,0.1344,0.0598,0.0031,0.9354,0.4091,982
einstein.de,3,False,92758441,194344,183916,18520,396780,8718145,4338,472545947,0.2419,0.0079,0.1042,0.019,0.003,0.3781,0.1337,1169
einstein.de,4,False,92758441,215706,130292,15796,361794,3234707,4333,467293859,0.0833,0.0121,0.0736,0.0077,0.0022,0.1815,0.0483,1006
einstein.de,5,False,92758441,232116,96028,12392,340536,1554245,4350,465537651,0.0404,0.0079,0.0686,0.0037,0.0021,0.1252,0.0195,1097
einstein.de,6,False,92758441,244310,72348,7700,324358,1049527,4344,465117251,0.016,0.0075,0.035,0.0018,0.0016,0.0641,0.0071,1220
einstein.de,7,False,92758441,255496,53436,3296,312228,947985,4348,465117251,0.007,0.0021,0.0148,0.0019,0.0015,0.0294,0.003,1015
einstein.de,8,False,92758441,262970,36164,1512,300646,982171,4307,465999179,0.0052,0.0019,0.0068,0.0024,0.0013,0.0196,0.0018,1016
einstein.de,9,False,92758441,267708,21884,540,290132,1048029,4335,465999179,0.0044,0.001,0.0031,0.0011,0.0024,0.0141,0.0017,1179
einstein.de,10,False,92758441,270046,6604,172,276822,1118719,4333,465999179,0.0033,0.0008,0.003,0.0011,0.0014,0.0117,0.0023,1045
einstein.de,11,False,92758441,270648,2036,84,272768,1193825,4365,465999179,0.0034,0.0008,0.0028,0.0011,0.0017,0.0115,0.0014,1211
einstein.de,12,False,92758441,270858,660,40,271558,1270187,4356,465999179,0.0031,0.0013,0.0021,0.0011,0.0011,0.0108,0.001,1015
einstein.de,13,False,92758441,270972,236,28,271236,1346933,4508,465999179,0.0027,0.0008,0.0011,0.001,0.0017,0.0098,0.0013,1025
einstein.de,14,False,92758441,271062,76,20,271158,1423799,4349,465999179,0.0041,0.0016,0.0011,0.0015,0.0024,0.0125,0.0012,1191
einstein.de,15,True,,0,0,0,0,,,,,,,,,,,
einstein.en,0,False,467626544,55762,1381724,120948,1558434,1127993947,16546,3466158158,39.6599,0.0662,1.1689,3.2309,0.0081,44.1508,16.8335,3786
einstein.en,1,False,467626544,275316,1226692,95928,1597936,390475789,21205,2728668302,11.4533,0.0426,0.8217,1.0884,0.0116,13.4266,6.1247,4663
einstein.en,2,False,467626544,547614,745100,77276,1369990,128733711,22567,2467012166,3.5609,0.0389,0.429,0.2899,0.0057,4.3289,1.9933,5032
einstein.en,3,False,467626544,650440,481396,64072,1195908,41994521,23064,2380197750,1.2211,0.0207,0.3395,0.0868,0.0044,1.6767,0.8828,5044
einstein.en,4,False,467626544,720498,346052,54760,1121310,14583067,22768,2353023718,0.4959,0.0164,0.2444,0.0348,0.0046,0.7993,0.2849,5317
einstein.en,5,False,467626544,768684,261564,46696,1076944,5500805,23177,2343865118,0.1716,0.0207,0.158,0.0146,0.0029,0.369,0.0702,5113
einstein.en,6,False,467626544,805190,219196,33464,1057850,2771287,22979,2341060598,0.0686,0.0165,0.1649,0.005,0.0032,0.2604,0.0306,5314
einstein.en,7,False,467626544,843448,185652,18464,1047564,1896937,22828,2340485190,0.0265,0.0082,0.0748,0.0028,0.0026,0.1169,0.0107,5104
einstein.en,8,False,467626544,875074,152468,6356,1033898,1721683,22929,2341159926,0.0113,0.006,0.0321,0.0021,0.0021,0.0554,0.0049,5104
einstein.en,9,False,467626544,899156,98492,2488,1000136,1723189,22812,2341159926,0.0073,0.0037,0.0109,0.0012,0.0017,0.0261,0.0027,5303
einstein.en,10,False,467626544,911486,32948,772,945206,1774247,22904,2341159926,0.0051,0.0022,0.004,0.0011,0.0012,0.0161,0.0016,5092
einstein.en,11,False,467626544,915136,9124,224,924484,1842137,23351,2341159926,0.0023,0.0018,0.0019,0.0011,0.0011,0.0097,0.0013,5288
einstein.en,12,False,467626544,916050,2852,100,919002,1916507,22905,2341159926,0.003,0.0011,0.0032,0.0011,0.0011,0.0104,0.0013,5106
einstein.en,13,False,467626544,916332,964,48,917344,1992669,22961,2341159926,0.0028,0.0009,0.0024,0.0011,0.0015,0.0111,0.0014,5098
einstein.en,14,False,467626544,916462,380,28,916870,2069343,22900,2341159926,0.0032,0.0007,0.0029,0.0011,0.001,0.0102,0.0012,5096
einstein.en,15,False,467626544,916560,156,28,916744,2146177,23060,2341159926,0.0037,0.0018,0.0012,0.001,0.001,0.0096,0.0018,5087
einstein.en,16,True,,0,0,0,0,,,,,,,,,,,
english.001.2,0,False,104857600,163090,7480716,650996,8294802,258676603,3958,783044968,11.1039,0.4283,97.4184,1.6854,0.0445,110.6855,5.5259,910
english.001.2,1,False,104857600,1089572,7051012,563464,8704048,90559157,5236,615014000,3.646,0.3967,6.3793,0.5,0.0448,10.969,2.4652,1377
english.001.2,2,False,104857600,2143654,4988540,444028,7576222,31882831,5777,556528824,1.4608,0.2068,9.1338,0.1359,0.0344,10.9752,0.6674,1617
english.001.2,3,False,104857600,2906800,3750124,307432,6964356,14195593,5797,538783968,0.5132,0.1691,2.8683,0.0323,0.0251,3.6094,0.3006,1535
english.001.2,4,False,104857600,3615754,2550164,148576,6314494,7664507,5820,532956936,0.2382,0.0715,2.7021,0.0061,0.0189,3.0388,0.0767,1615
english.001.2,5,False,104857600,4147404,1480844,53928,5682176,5828181,5849,532956936,0.076,0.0252,0.7013,0.0025,0.0126,0.8205,0.0321,1890
english.001.2,6,False,104857600,4436046,628292,17348,5081686,5364927,5899,532956936,0.0251,0.0096,0.091,0.0024,0.0054,0.1362,0.0104,1550
english.001.2,7,False,104857600,4539960,216276,5568,4761804,5282553,5994,532956936,0.0105,0.0034,0.0253,0.0013,0.0025,0.0447,0.0042,1549
english.001.2,8,False,104857600,4570002,71348,1884,4643234,5303515,5885,532956936,0.0056,0.0034,0.0088,0.0012,0.0025,0.0237,0.0025,1662
english.001.2,9,False,104857600,4579204,23236,660,4603100,5361213,5885,532956936,0.0053,0.0026,0.004,0.0011,0.0012,0.0157,0.0013,1543
english.001.2,10,False,104857600,4581822,8316,228,4590366,5431839,5910,532956936,0.0042,0.0009,0.0024,0.001,0.0011,0.0115,0.0025,1555
english.001.2,11,False,104857600,4582712,3292,112,4586116,5506545,5976,532956936,0.003,0.0011,0.0013,0.0011,0.0011,0.0096,0.0013,1550
english.001.2,12,False,104857600,4583026,1540,68,4584634,5582811,5885,532956936,0.0034,0.0007,0.003,0.001,0.0011,0.0117,0.001,1678
english.001.2,13,False,104857600,4583204,396,32,4583632,5659245,5904,532956936,0.0024,0.0018,0.0015,0.001,0.001,0.0087,0.0013,1687
english.001.2,14,False,104857600,4583302,140,24,4583466,5736063,5900,532956936,0.0036,0.0007,0.0011,0.001,0.0014,0.011,0.0021,1533
english.001.2,15,True,,0,0,0,0,,,,,,,,,,,
english.100MB,0,False,104857600,659474,83022884,5757092,89439450,263038739,4079,787587956,18.6886,3.0877,72.6129,1.0358,0.5182,95.9475,5.1986,1124
english.100MB,1,False,104857600,14322780,105018644,2295412,121636836,106095637,6617,650292260,6.4273,1.5722,30.6918,0.5475,1.15,40.3911,2.3659,2407
english.100MB,2,False,104857600,38941102,39608356,816888,79366346,69508151,7881,655492348,1.922,0.4993,11.4664,0.1001,0.3872,14.378,0.8463,2862
english.100MB,3,False,104857600,47813576,15372644,336960,63523180,59695185,8397,655492348,0.7802,0.1461,3.7014,0.0309,0.1321,4.7933,0.3374,2985
english.100MB,4,False,104857600,51099106,5187964,127016,56414086,55309075,8435,655492348,0.2493,0.0719,1.1861,0.0086,0.0338,1.5525,0.0844,3029
english.100MB,5,False,104857600,52121276,1744092,49484,53914852,53831013,8479,655492348,0.0779,0.0252,0.67,0.0047,0.0121,0.7921,0.0292,3041
english.100MB,6,False,104857600,52452958,597940,17472,53068370,53394567,8470,655492348,0.025,0.009,0.0992,0.0021,0.0065,0.1447,0.0108,3050
english.100MB,7,False,104857600,52554528,211692,5824,52772044,53302729,8547,655492348,0.0114,0.0034,0.0278,0.0014,0.0033,0.0498,0.0044,3047
english.100MB,8,False,104857600,52585690,74068,1868,52661626,53321163,8584,655492348,0.0051,0.0017,0.0097,0.0012,0.0016,0.0205,0.0045,3126
english.100MB,9,False,104857600,52595492,23300,596,52619388,53377365,8555,655492348,0.0033,0.0019,0.0052,0.0011,0.0013,0.0138,0.0015,3037
english.100MB,10,False,104857600,52598126,7188,220,52605534,53447487,8459,655492348,0.0028,0.0008,0.003,0.0011,0.0028,0.0124,0.0014,3160
english.100MB,11,False,104857600,52598840,2564,80,52601484,53522289,8454,655492348,0.0041,0.0008,0.0013,0.0016,0.0011,0.011,0.001,3036
english.100MB,12,False,104857600,52599098,796,44,52599938,53598499,8445,655492348,0.0045,0.0008,0.0011,0.0018,0.001,0.0112,0.0013,3034
english.100MB,13,False,104857600,52599220,340,36,52599596,53675237,8439,655492348,0.0039,0.0014,0.0011,0.0011,0.0019,0.0116,0.0013,3135
english.100MB,14,False,104857600,52599310,156,28,52599494,53752079,8569,655492348,0.0035,0.0016,0.0011,0.0011,0.0272,0.0366,0.0013,3046
english.100MB,15,False,104857600,52599400,68,4,52599472,53828977,8506,655492348,0.0029,0.0012,0.0011,0.0011,0.0022,0.0106,0.0013,3140
english.100MB,16,True,,0,0,0,0,,,,,,,,,,,
english.1024MB,0,False,1073741824,2344986,658353292,79146540,739844818,2700981739,50222,8070269630,286.6716,29.9072,766.5952,24.6958,3.9639,1111.8691,50.8341,9912
english.1024MB,1,True,,0,0,0,0,,,,,,,,,,,
english.200MB,0,False,209715200,935146,153953300,12336352,167224798,526679091,8138,1575395116,42.5082,6.6179,144.9161,2.3932,0.7995,197.2414,10.2408,2099
english.200MB,1,False,209715200,24623244,202958260,4692676,232274180,208415613,13251,1274569116,13.9564,2.229,115.547,0.8015,2.8276,135.3681,5.03,5084
english.200MB,2,False,209715200,74750526,78588716,1614512,154953754,135778375,16136,1303720916,4.1477,0.7382,23.4937,0.2275,1.0499,29.6599,1.6607,6097
english.200MB,3,False,209715200,93224176,30520940,656844,124401960,116713697,17053,1303720916,1.4847,0.2897,7.8261,0.0675,0.3302,10.0008,0.5576,6516
english.200MB,4,False,209715200,100050514,10428668,243708,110722890,108127795,17329,1303720916,0.5374,0.1407,4.6616,0.0187,0.1061,5.4661,0.2222,6447
english.200MB,5,False,209715200,102178892,3466244,89280,105734416,105160629,17247,1303720916,0.1664,0.0486,1.0063,0.0064,0.0224,1.2528,0.0706,6380
english.200MB,6,False,209715200,102869030,1181140,33072,104083242,104228391,17336,1303720916,0.0518,0.0189,0.285,0.0036,0.0085,0.3691,0.0214,6402
english.200MB,7,False,209715200,103081464,411628,11656,103504748,103965849,17300,1303720916,0.0181,0.0062,0.06,0.0022,0.0037,0.0923,0.0084,6663
english.200MB,8,False,209715200,103146714,143644,3860,103294218,103926715,17368,1303720916,0.0079,0.0026,0.0194,0.0026,0.0019,0.0371,0.0033,6540
english.200MB,9,False,209715200,103167444,45708,1260,103214412,103962965,17279,1303720916,0.005,0.0018,0.0074,0.0012,0.0015,0.0179,0.0017,6518
english.200MB,10,False,209715200,103173094,13740,396,103187230,104026431,17361,1303720916,0.0033,0.0009,0.0024,0.0011,0.0257,0.0357,0.0014,6564
english.200MB,11,False,209715200,103174568,4860,144,103179572,104099273,17456,1303720916,0.003,0.0023,0.0023,0.0011,0.0012,0.0109,0.0015,6453
english.200MB,12,False,209715200,103175042,1644,60,103176746,104174867,17322,1303720916,0.0031,0.0008,0.0012,0.0023,0.001,0.0105,0.001,6412
english.200MB,13,False,209715200,103175220,620,44,103175884,104251381,17327,1303720916,0.0034,0.0008,0.0011,0.0022,0.001,0.0106,0.0013,6414
english.200MB,14,False,209715200,103175326,260,32,103175618,104328151,17327,1303720916,0.0041,0.0019,0.0019,0.0011,0.0011,0.011,0.0013,6556
english.200MB,15,False,209715200,103175416,100,8,103175524,104405009,17327,1303720916,0.003,0.0012,0.0011,0.0011,0.0011,0.0096,0.0012,6392
english.200MB,16,True,,0,0,0,0,,,,,,,,,,,
english.50MB,0,False,52428800,374482,40990476,3137440,44502398,131763251,1991,394027122,9.7631,1.3496,33.0778,0.7948,0.2732,45.2645,2.6415,601
english.50MB,1,False,52428800,7110380,49523172,949916,57583468,53208077,3190,325325906,3.0111,0.5211,13.0203,0.1768,0.6398,17.3719,1.3678,1134
english.50MB,2,False,52428800,18131182,18474516,350344,36956042,33579247,3754,325325906,0.8049,0.1756,4.7883,0.0343,0.1627,5.9686,0.4401,1270
english.50MB,3,False,52428800,22068768,7257228,155176,29481172,28257353,3913,325325906,0.2863,0.1006,1.6778,0.0156,0.0991,2.1809,0.1593,1324
english.50MB,4,False,52428800,23558090,2452764,61832,26072686,25879331,3961,325325906,0.1168,0.0355,0.6038,0.0063,0.0137,0.7776,0.051,1344
english.50MB,5,False,52428800,24024460,841428,24632,24890520,25113157,3971,325325906,0.0383,0.0138,0.1641,0.0028,0.0064,0.228,0.0159,1383
english.50MB,6,False,52428800,24168702,291164,8584,24468450,24907335,3980,325325906,0.0142,0.007,0.043,0.0028,0.0031,0.0725,0.0064,1365
english.50MB,7,False,52428800,24215528,106020,2984,24324532,24897273,3978,325325906,0.0066,0.0022,0.0151,0.0013,0.0017,0.029,0.0025,1363
english.50MB,8,False,52428800,24230146,36652,996,24267794,24943411,3980,325325906,0.0044,0.0012,0.0047,0.0011,0.0013,0.0141,0.0015,1352
english.50MB,9,False,52428800,24234700,12212,304,24247216,25009981,3983,325325906,0.0041,0.0022,0.0035,0.0011,0.0011,0.0143,0.0013,1367
english.50MB,10,False,52428800,24235958,3972,104,24240034,25083279,3978,325325906,0.0037,0.0019,0.0014,0.0011,0.0011,0.0113,0.0017,1350
english.50MB,11,False,52428800,24236312,1308,40,24237660,25159121,3982,325325906,0.0029,0.0017,0.0018,0.001,0.001,0.0093,0.0012,1354
english.50MB,12,False,52428800,24236474,452,44,24236970,25235699,3976,325325906,0.0024,0.0007,0.0011,0.0012,0.001,0.0081,0.0013,1353
english.50MB,13,False,52428800,24236572,196,32,24236800,25312517,3990,325325906,0.0032,0.0009,0.002,0.001,0.0017,0.011,0.0013,1347
english.50MB,14,False,52428800,24236662,76,20,24236758,25389399,3977,325325906,0.0036,0.0018,0.0016,0.001,0.0011,0.0113,0.0013,1493
english.50MB,15,True,,0,0,0,0,,,,,,,,,,,
english,0,True,,0,0,0,0,,,,,,,,,,,
fib41,0,False,267914296,98,468,84,650,818750179,4046,2158340766,76.4043,0.002,0.0028,37.5425,0.0017,114.442,11.149,1681
fib41,1,False,267914296,188,444,80,712,312859229,4959,1652450918,27.9023,0.0014,0.0016,14.4665,0.0032,42.6207,4.4254,1706
fib41,2,False,267914296,278,428,76,782,119673631,5264,1459342382,10.6786,0.0028,0.0012,5.5832,0.0025,16.3413,1.612,1803
fib41,3,False,267914296,368,412,72,852,45930849,5417,1385522694,4.1438,0.0017,0.0018,2.3329,0.0027,6.5079,0.6192,1900
fib41,4,False,267914296,458,396,68,922,17811163,5461,1357634038,1.7041,0.0008,0.001,0.815,0.003,2.5403,0.2439,1627
fib41,5,False,267914296,548,380,64,992,7117949,5552,1346863918,0.7414,0.0007,0.001,0.3186,0.0016,1.0711,0.0988,1632
fib41,6,False,267914296,638,364,60,1062,3081055,5474,1342750118,0.321,0.001,0.0012,0.1661,0.0021,0.4969,0.0511,1631
fib41,7,False,267914296,728,340,56,1124,1586649,5481,1341178806,0.1253,0.0016,0.001,0.0633,0.0021,0.1956,0.0207,1752
fib41,8,False,267914296,818,324,52,1194,1063387,5590,1341438614,0.0511,0.0019,0.0011,0.0259,0.0013,0.0835,0.0099,1644
fib41,9,False,267914296,908,308,48,1264,911069,5497,1341438614,0.021,0.0018,0.0011,0.0108,0.0012,0.0385,0.0044,1630
fib41,10,False,267914296,998,292,44,1334,900439,5500,1341438614,0.011,0.0018,0.0011,0.0051,0.0011,0.0224,0.0033,1738
fib41,11,False,267914296,1088,276,40,1404,943929,5478,1341438614,0.0068,0.002,0.0011,0.0036,0.0011,0.0166,0.0015,1628
fib41,12,False,267914296,1178,252,36,1466,1008091,5478,1341438614,0.0041,0.0007,0.0016,0.0017,0.0011,0.0117,0.0025,1804
fib41,13,False,267914296,1268,236,32,1536,1080149,5475,1341438614,0.0036,0.0017,0.0011,0.0014,0.0016,0.0116,0.001,1659
fib41,14,False,267914296,1358,220,28,1606,1155223,5478,1341438614,0.0031,0.0014,0.0028,0.0013,0.0023,0.0134,0.0012,1771
fib41,15,False,267914296,1448,204,24,1676,1231449,5638,1341438614,0.0032,0.0016,0.0015,0.0011,0.0018,0.0101,0.0014,1919
fib41,16,False,267914296,1538,188,20,1746,1308115,5494,1343286582,0.003,0.0018,0.0026,0.0011,0.0012,0.011,0.0012,1827
fib41,17,False,267914296,1628,156,24,1808,1384949,5488,1343286582,0.019,0.0021,0.0018,0.001,0.001,0.0259,0.0016,1631
fib41,18,False,267914296,1718,84,4,1806,1461847,5490,1343286582,0.0025,0.0007,0.0011,0.0021,0.001,0.0092,0.0014,1628
fib41,19,False,267914296,1718,36,4,1758,1461831,5493,1343286582,0.0026,0.0014,0.0017,0.001,0.001,0.01,0.0013,1630
fib41,20,True,,0,0,0,0,,,,,,,,,,,
influenza,0,False,154808555,16938,8341364,2482780,10841082,350441467,4727,1124504633,13.085,0.621,9.5797,2.2841,0.0795,25.6562,5.491,1077
influenza,1,False,154808555,752140,12121852,1589616,14463608,111856573,6225,885969489,4.6509,0.5907,23.2771,0.5346,0.1346,29.1934,2.128,1549
influenza,2,False,154808555,2787078,10804548,932864,14524490,39111455,6749,813520289,1.7189,0.4644,9.0195,0.1342,0.1026,11.4412,0.8496,1652
influenza,3,False,154808555,4904624,7483324,416288,12804236,16753001,6984,791208713,0.7163,0.1479,6.0914,0.0274,0.0435,7.0296,0.3031,1737
influenza,4,False,154808555,6452026,4307252,148840,10908118,10656619,7079,790360625,0.2499,0.077,2.53,0.006,0.0278,2.8928,0.1008,1764
influenza,5,False,154808555,7295396,1898348,55356,9249100,9021957,7100,790360625,0.0799,0.0267,0.7686,0.0054,0.0127,0.896,0.0303,1770
influenza,6,False,154808555,7654814,696148,18468,8369430,8614615,7167,790360625,0.0269,0.0107,0.0958,0.0021,0.006,0.1433,0.0109,1771
influenza,7,False,154808555,7768200,232164,6120,8006484,8520849,7065,790360625,0.0114,0.0049,0.0278,0.0014,0.0025,0.0496,0.0043,1771
influenza,8,False,154808555,7803226,79756,2124,7885106,8541387,7069,790360625,0.0062,0.0018,0.0098,0.0012,0.0031,0.024,0.0024,1979
influenza,9,False,154808555,7813572,24772,700,7839044,8596485,7033,790360625,0.0054,0.0011,0.0054,0.0018,0.0013,0.017,0.0016,1874
influenza,10,False,154808555,7816382,8156,204,7824742,8666271,7132,790360625,0.0042,0.0019,0.0022,0.001,0.0012,0.0115,0.0014,1801
influenza,11,False,154808555,7817248,3068,84,7820400,8740953,7133,790360625,0.0028,0.0007,0.0012,0.0027,0.001,0.0104,0.001,1794
influenza,12,False,154808555,7817546,1004,48,7818598,8817051,7051,790360625,0.0031,0.0014,0.0011,0.001,0.0019,0.0097,0.0021,1775
influenza,13,False,154808555,7817676,332,32,7818040,8893693,7047,790360625,0.0028,0.0007,0.002,0.0026,0.0011,0.0116,0.002,1922
influenza,14,False,154808555,7817774,140,24,7817938,8970535,7054,790360625,0.0043,0.0018,0.0011,0.0025,0.0022,0.014,0.0011,1892
influenza,15,True,,0,0,0,0,,,,,,,,,,,
kernel,0,False,257961616,320266,12043068,134772,12498106,595561739,9322,1885453948,23.3217,0.367,11.137,2.7134,0.059,37.6103,11.1755,2172
kernel,1,False,257961616,2529700,10640228,87324,13257252,194642645,12185,1484667316,7.2684,0.1577,4.0193,0.7242,0.1168,12.2917,4.2505,3326
kernel,2,False,257961616,4573310,4848300,60156,9481766,69129407,13131,1359281532,2.3665,0.073,1.9118,0.1839,0.0226,4.5617,1.3537,3572
kernel,3,False,257961616,5496176,2120972,41728,7658876,27591665,13409,1317703972,0.8567,0.0546,0.8298,0.0675,0.015,1.825,0.5394,3705
kernel,4,False,257961616,5890898,902972,27364,6821234,12788019,13607,1306383860,0.3022,0.0252,0.3434,0.0226,0.007,0.7032,0.1108,3682
kernel,5,False,257961616,6044860,421348,17280,6483488,8480693,13608,1306383860,0.0993,0.0137,0.1636,0.0091,0.0045,0.2924,0.0474,3680
kernel,6,False,257961616,6114134,210180,10220,6334534,7262263,13500,1306383860,0.0318,0.0084,0.073,0.0029,0.0029,0.1206,0.0151,3897
kernel,7,False,257961616,6147560,106580,5444,6259584,6951241,13713,1306383860,0.0126,0.0048,0.0299,0.0028,0.0022,0.0546,0.0055,3864
kernel,8,False,257961616,6163714,53460,2384,6219558,6915555,13907,1306383860,0.0058,0.0019,0.0134,0.0013,0.0014,0.0255,0.0026,3789
kernel,9,False,257961616,6171316,24804,900,6197020,6959589,14209,1306383860,0.0041,0.0012,0.0063,0.0011,0.0013,0.0154,0.0017,3870
kernel,10,False,257961616,6174534,10076,304,6184914,7026247,14071,1306383860,0.0037,0.0009,0.0031,0.0011,0.0012,0.0121,0.0016,4013
kernel,11,False,257961616,6175696,3540,104,6179340,7099681,13668,1306383860,0.0036,0.0008,0.0013,0.0028,0.0011,0.0118,0.0014,3844
kernel,12,False,257961616,6176026,1124,52,6177202,7175595,13713,1306383860,0.0026,0.0016,0.0024,0.0011,0.0011,0.0098,0.0012,3842
kernel,13,False,257961616,6176180,564,44,6176788,7252317,13743,1306383860,0.0029,0.0018,0.0023,0.0011,0.0032,0.0123,0.0014,3911
kernel,14,False,257961616,6176286,204,32,6176522,7329079,14172,1306383860,0.0044,0.002,0.002,0.001,0.0011,0.0115,0.0009,3977
kernel,15,False,257961616,6176376,100,8,6176484,7405969,13718,1306383860,0.0031,0.0007,0.0011,0.0015,0.001,0.0095,0.001,3818
kernel,16,True,,0,0,0,0,,,,,,,,,,,
para,0,False,429265758,1090386,33222724,2559276,36872386,927832963,15781,3074202518,47.6917,1.6105,361.0878,6.844,0.171,417.417,19.2173,3403
para,1,False,429265758,5998476,37286188,1703556,44988220,300530805,21735,2447741238,14.1322,0.9238,22.5114,1.5897,0.4473,39.609,10.3077,6996
para,2,False,429265758,13707710,19615372,1125212,34448294,109762111,23943,2257270318,4.5645,0.4599,12.4728,0.4294,0.1798,18.1103,3.0846,8160
para,3,False,429265758,17897120,10166852,679620,28743592,49506673,24650,2197029654,1.6579,0.2593,6.6252,0.1201,0.0771,8.7431,0.8886,8558
para,4,False,429265758,20025770,5576444,336760,25938974,30601731,25191,2194209694,0.6272,0.1733,3.5282,0.0198,0.0389,4.3904,0.2974,8904
para,5,False,429265758,21190476,3067468,127352,24385296,24931133,25853,2194209694,0.2105,0.0694,1.3011,0.0069,0.0211,1.6105,0.0895,8636
para,6,False,429265758,21813446,1474820,47084,23335350,23428239,24914,2194209694,0.0671,0.0226,0.398,0.0031,0.0102,0.5024,0.0256,8571
para,7,False,429265758,22088200,562644,15424,22666268,23053049,24941,2194209694,0.023,0.0105,0.0792,0.0024,0.0062,0.1237,0.0092,8700
para,8,False,429265758,22182034,193236,5100,22380370,22989403,25013,2194209694,0.0095,0.0034,0.0216,0.0013,0.0023,0.0405,0.0039,8534
para,9,False,429265758,22209484,62532,1624,22273640,23015021,24963,2194209694,0.0051,0.0017,0.008,0.0012,0.0403,0.0585,0.0022,8571
para,10,False,429265758,22217726,20484,564,22238774,23075015,24942,2194209694,0.005,0.001,0.0032,0.0011,0.0012,0.0137,0.0019,8593
para,11,False,429265758,22220048,6364,176,22226588,23145761,25002,2194209694,0.0046,0.002,0.0017,0.0011,0.0011,0.013,0.0013,8596
para,12,False,429265758,22220682,2740,84,22223506,23221067,24979,2194209694,0.0037,0.0008,0.0032,0.0011,0.0011,0.0121,0.0016,8657
para,13,False,429265758,22220948,836,40,22221824,23297213,25036,2194209694,0.0038,0.001,0.0029,0.0011,0.001,0.0123,0.0014,8647
para,14,False,429265758,22221070,300,32,22221402,23373911,25026,2194209694,0.0027,0.002,0.0011,0.0012,0.0011,0.0094,0.0014,8579
para,15,False,429265758,22221160,148,12,22221320,23450769,25018,2194209694,0.0031,0.0018,0.0011,0.0011,0.0011,0.0106,0.0013,8535
para,16,True,,0,0,0,0,,,,,,,,,,,
pitches.50MB,0,False,52428800,6032850,82630660,3183396,91846906,126948619,2598,391177346,7.9155,1.6674,259.9393,0.5609,0.4813,270.5675,2.6727,945
pitches.50MB,1,False,52428800,27552908,40992652,1126788,69672348,63540381,3886,375918282,2.4299,0.478,19.9326,0.0971,0.4313,23.3712,1.0233,1499
pitches.50MB,2,False,52428800,37130022,14855492,390252,52375766,48503823,4322,375918282,0.66,0.1558,4.3445,0.0256,0.1719,5.3601,0.335,1498
pitches.50MB,3,False,52428800,40466240,5025764,130396,45622400,44169617,4449,375918282,0.2344,0.0598,3.3981,0.0077,0.0318,3.7332,0.0937,1558
pitches.50MB,4,False,52428800,41472282,1616492,44900,43133674,42891283,4495,375918282,0.0673,0.0221,0.4845,0.0041,0.0119,0.5915,0.028,1742
pitches.50MB,5,False,52428800,41758964,516540,14116,42289620,42538069,4545,375918282,0.0206,0.0064,0.0764,0.003,0.0067,0.1147,0.0087,1579
pitches.50MB,6,False,52428800,41844110,166836,4308,42015254,42482255,4569,375918282,0.0092,0.0042,0.0213,0.0014,0.0023,0.0407,0.005,1576
pitches.50MB,7,False,52428800,41868000,53660,1368,41923028,42514369,4567,375918282,0.0049,0.0022,0.0072,0.0013,0.0015,0.0192,0.0039,1586
pitches.50MB,8,False,52428800,41874586,17332,456,41892374,42576379,4622,375918282,0.0049,0.0011,0.0029,0.0016,0.0014,0.0136,0.0021,1743
pitches.50MB,9,False,52428800,41876580,6148,184,41882912,42648421,4676,375918282,0.0039,0.002,0.0018,0.0012,0.0012,0.0121,0.0022,1619
pitches.50MB,10,False,52428800,41877190,2228,84,41879502,42723623,4836,375918282,0.0029,0.0013,0.0013,0.0011,0.0012,0.0099,0.0023,1632
pitches.50MB,11,False,52428800,41877416,692,40,41878148,42799913,4739,375918282,0.0029,0.0017,0.0012,0.0011,0.0011,0.0097,0.0016,1782
pitches.50MB,12,False,52428800,41877530,236,28,41877794,42876643,4712,375918282,0.0032,0.0008,0.0011,0.0018,0.0012,0.0103,0.0012,1710
pitches.50MB,13,False,52428800,41877620,100,8,41877728,42953517,4460,375918282,0.0024,0.0023,0.0012,0.0012,0.0016,0.0103,0.0013,1639
pitches.50MB,14,True,,0,0,0,0,,,,,,,,,,,
pitches,0,False,55832855,6261058,85816764,3235644,95313466,134871643,2906,416059555,8.8959,1.5464,399.0631,0.5823,0.4873,410.5793,2.9012,940
pitches,1,False,55832855,28605444,42829340,1167692,72602476,66954013,4233,397127371,2.5804,0.5057,25.7601,0.1337,0.4598,29.4426,0.9369,1608
pitches,2,False,55832855,38627614,15597852,405824,54631290,50723879,4671,397127371,0.8112,0.166,4.8241,0.0296,0.1478,5.9808,0.2878,1610
pitches,3,False,55832855,42131336,5289644,136556,47557536,46049945,4820,397127371,0.2535,0.0728,5.2708,0.0082,0.0309,5.6386,0.1034,1791
pitches,4,False,55832855,43189090,1702604,47216,44938910,44673307,4834,397127371,0.0711,0.0239,0.4661,0.0027,0.0092,0.5753,0.0273,1675
pitches,5,False,55832855,43491444,545260,14732,44051436,44290373,4979,397127371,0.0215,0.01,0.0704,0.0021,0.005,0.1102,0.0103,1674
pitches,6,False,55832855,43581686,176692,4644,43763022,44226087,4845,397127371,0.0093,0.0031,0.0205,0.0015,0.0043,0.041,0.005,1805
pitches,7,False,55832855,43607176,56892,1492,43665560,44255617,4933,397127371,0.0052,0.0025,0.0074,0.0013,0.0029,0.0203,0.0021,1697
pitches,8,False,55832855,43614690,18540,508,43633738,44317147,4996,397127371,0.0035,0.0011,0.0039,0.0012,0.0013,0.0132,0.0018,1678
pitches,9,False,55832855,43616820,6468,196,43623484,44388861,4967,397127371,0.0037,0.0009,0.0036,0.0012,0.0012,0.0125,0.0024,1780
pitches,10,False,55832855,43617462,2324,84,43619870,44463943,4853,397127371,0.0029,0.0008,0.0012,0.0026,0.0012,0.0106,0.0013,1674
pitches,11,False,55832855,43617704,708,40,43618452,44540209,4820,397127371,0.0025,0.0008,0.0011,0.0026,0.0012,0.0105,0.0022,1736
pitches,12,False,55832855,43617818,236,28,43618082,44616931,4773,397127371,0.004,0.0008,0.0011,0.0023,0.0011,0.0117,0.0021,1655
pitches,13,False,55832855,43617908,100,8,43618016,44693805,4793,397127371,0.0034,0.0015,0.0027,0.0011,0.0012,0.011,0.0013,1744
pitches,14,True,,0,0,0,0,,,,,,,,,,,
proteins.001.1,0,False,104857600,198762,6027324,1191480,7417566,268682627,3538,793018034,9.1177,0.3445,13.4082,0.8018,0.0405,23.7176,4.6809,986
proteins.001.1,1,False,104857600,1305652,5045284,860876,7211812,89225021,4666,613658834,2.9953,0.3637,5.1343,0.2086,0.035,8.7395,1.5263,1365
proteins.001.1,2,False,104857600,2235998,3750524,580820,6567342,31142615,4905,555720530,1.0771,0.2953,3.1233,0.0728,0.0279,4.5993,0.496,1391
proteins.001.1,3,False,104857600,3023176,2944132,306784,6274092,12709161,4956,537235082,0.3829,0.1122,2.4396,0.0191,0.0203,2.9753,0.2249,1433
proteins.001.1,4,False,104857600,3691082,2170052,131500,5992634,7158059,4980,532783514,0.1387,0.0636,0.6434,0.0044,0.0163,0.8675,0.0607,1458
proteins.001.1,5,False,104857600,4158564,1310988,43932,5513484,5624957,4992,532783514,0.0603,0.0223,0.205,0.0021,0.0095,0.301,0.023,1459
proteins.001.1,6,False,104857600,4406974,526172,14080,4947226,5261615,4997,532783514,0.0202,0.0073,0.0564,0.0015,0.0042,0.0914,0.0091,1614
proteins.001.1,7,False,104857600,4490968,162828,4168,4657964,5199377,5013,532783514,0.0086,0.0045,0.018,0.0013,0.0021,0.0356,0.0056,1678
proteins.001.1,8,False,104857600,4512914,52884,1388,4567186,5234339,5872,532783514,0.0044,0.0013,0.0075,0.0011,0.0014,0.0169,0.002,1586
proteins.001.1,9,False,104857600,4519004,16044,480,4535528,5296861,5740,532783514,0.0035,0.0009,0.0053,0.001,0.0013,0.0141,0.0011,1574
proteins.001.1,10,False,104857600,4520822,4676,128,4525626,5368591,5738,532783514,0.0036,0.0007,0.0013,0.0026,0.001,0.0111,0.0016,1595
proteins.001.1,11,False,104857600,4521280,1612,64,4522956,5444249,5759,532783514,0.0029,0.0018,0.0012,0.001,0.001,0.0099,0.0013,1543
proteins.001.1,12,False,104857600,4521458,612,40,4522110,5520763,5744,532783514,0.0042,0.0018,0.0011,0.001,0.001,0.0109,0.0014,1567
proteins.001.1,13,False,104857600,4521572,220,28,4521820,5597525,5759,532783514,0.0045,0.0019,0.0021,0.001,0.001,0.0123,0.0019,1549
proteins.001.1,14,False,104857600,4521662,116,20,4521798,5674415,5772,532783514,0.0036,0.0018,0.0016,0.001,0.0011,0.0101,0.001,1770
proteins.001.1,15,False,104857600,4521752,68,4,4521824,5751329,5761,532783514,0.0026,0.001,0.0016,0.001,0.001,0.0091,0.0013,1571
proteins.001.1,16,True,,0,0,0,0,,,,,,,,,,,
proteins.100MB,0,False,104857600,3079122,165438204,7665324,176182650,271957171,5817,796672898,21.6302,3.2994,393.1818,1.1217,0.7222,419.9595,6.618,2131
proteins.100MB,1,False,104857600,47537756,103880964,2961468,154380188,135580629,9533,773147122,6.4758,1.3318,74.465,0.3179,1.1923,83.7856,2.4788,3575
proteins.100MB,2,False,104857600,72127998,37794700,1066560,110989258,101195239,10666,773147122,2.0577,0.5753,13.2971,0.0644,0.4081,16.4044,0.7969,4101
proteins.100MB,3,False,104857600,80643336,13763132,367808,94774276,90406609,11114,773147122,0.5657,0.1345,3.9519,0.0184,0.1201,4.7932,0.2762,4254
proteins.100MB,4,False,104857600,83449330,4880436,126692,88456458,87011419,11199,773147122,0.2178,0.0673,2.0582,0.0069,0.0232,2.3756,0.0875,4357
proteins.100MB,5,False,104857600,84413948,1681060,46340,86141348,85934117,16235,773147122,0.0746,0.0241,0.5618,0.0034,0.0194,0.6853,0.0318,6194
proteins.100MB,6,False,104857600,84710094,554292,15260,85279646,85586663,16216,773147122,0.0239,0.0102,0.0969,0.0027,0.0055,0.1416,0.0108,6018
proteins.100MB,7,False,104857600,84800976,182212,4912,84988100,85525121,15862,773147122,0.0099,0.0042,0.0234,0.0018,0.0027,0.0437,0.0037,5982
proteins.100MB,8,False,104857600,84826938,60660,1628,84889226,85554179,16413,773147122,0.0055,0.0023,0.0101,0.0016,0.0019,0.0227,0.0022,6208
proteins.100MB,9,False,104857600,84834892,20124,540,84855556,85614917,16460,773147122,0.0059,0.0023,0.0042,0.0015,0.0016,0.0174,0.0019,6292
proteins.100MB,10,False,104857600,84837150,6796,172,84844118,85686103,16458,773147122,0.0046,0.0015,0.0021,0.0024,0.0028,0.0156,0.0017,6160
proteins.100MB,11,False,104857600,84837800,2300,88,84840188,85761113,16477,773147122,0.0033,0.0009,0.0014,0.0028,0.0014,0.0123,0.0015,6286
proteins.100MB,12,False,104857600,84838042,732,40,84838814,85837411,16422,773147122,0.0035,0.0019,0.0013,0.0012,0.0013,0.0111,0.0023,6248
proteins.100MB,13,False,104857600,84838156,268,28,84838452,85914133,16417,773147122,0.0039,0.0009,0.0013,0.0024,0.0014,0.0123,0.0016,6263
proteins.100MB,14,False,104857600,84838246,100,8,84838354,85990991,16438,773147122,0.0049,0.0021,0.0017,0.0025,0.0013,0.0143,0.0018,5148
proteins.100MB,15,True,,0,0,0,0,,,,,,,,,,,
proteins.200MB,0,False,209715200,4657914,281609316,13961616,300228846,540004075,14174,1590241682,56.6671,6.172,370.5848,3.15,1.3216,437.9045,14.6994,4379
proteins.200MB,1,False,209715200,80463380,184979316,5364128,270806824,255219197,20230,1476081298,14.8106,2.1909,141.2552,0.9869,2.0595,161.3087,6.5367,9236
proteins.200MB,2,False,209715200,125668478,68537068,1998248,196203794,183047791,26389,1476081298,4.6742,0.8905,31.842,0.1966,0.9029,38.5086,1.7494,9626
proteins.200MB,3,False,209715200,141799408,25744964,705424,168249796,160832657,26520,1476081298,1.4504,0.2817,65.7981,0.0398,0.2584,67.8319,0.5201,10192
proteins.200MB,4,False,209715200,147316450,9527372,245952,157089774,153999763,26951,1476081298,0.5024,0.1325,3.1693,0.0139,0.0534,3.8731,0.1986,10157
proteins.200MB,5,False,209715200,149291156,3328700,84708,152704564,151848853,27292,1476081298,0.1477,0.0472,0.9586,0.0043,0.0172,1.1764,0.0615,10397
proteins.200MB,6,False,209715200,149911942,1087012,29552,151028506,151117071,27471,1476081298,0.0449,0.0154,0.2371,0.0031,0.0089,0.3118,0.0187,10626
proteins.200MB,7,False,209715200,150101704,356916,9464,150468084,150931761,27513,1476081298,0.0159,0.0055,0.0525,0.0021,0.004,0.082,0.0067,10459
proteins.200MB,8,False,209715200,150156082,115972,3156,150275210,150916731,27537,1476081298,0.0083,0.0024,0.0151,0.0015,0.0021,0.0318,0.004,10482
proteins.200MB,9,False,209715200,150172476,38340,1048,150211864,150963229,27577,1476081298,0.0047,0.0014,0.0071,0.0014,0.0029,0.0203,0.0022,10471
proteins.200MB,10,False,209715200,150177118,12508,300,150189926,151029479,27756,1476081298,0.0037,0.0023,0.0026,0.0013,0.0014,0.0142,0.0016,10568
proteins.200MB,11,False,209715200,150178408,4252,148,150182808,151102777,29845,1476081298,0.004,0.0021,0.0028,0.0013,0.0015,0.0132,0.0014,13276
proteins.200MB,12,False,209715200,150178834,1348,68,150180250,151178515,35662,1476081298,0.0034,0.0013,0.0014,0.0012,0.0027,0.0113,0.0023,13505
proteins.200MB,13,False,209715200,150178996,460,32,150179488,151255069,36343,1476081298,0.0041,0.002,0.0015,0.0013,0.0014,0.0136,0.0016,11744
proteins.200MB,14,False,209715200,150179094,188,32,150179314,151331879,36782,1476081298,0.003,0.0016,0.0029,0.0014,0.0014,0.0116,0.0023,13671
proteins.200MB,15,False,209715200,150179184,84,4,150179272,151408769,36790,1476081298,0.0038,0.0021,0.0014,0.0013,0.0014,0.0124,0.0017,9094
proteins.200MB,16,True,,0,0,0,0,,,,,,,,,,,
proteins.50MB,0,False,52428800,2050658,92032260,4117488,98200406,136515171,3041,399656272,9.961,1.6908,380.415,0.5471,0.4726,393.0907,3.369,946
proteins.50MB,1,False,52428800,25403676,54521612,1507392,81432680,69502429,4811,397120728,2.9531,0.8054,39.7334,0.1362,0.6463,44.2763,1.0997,1692
proteins.50MB,2,False,52428800,37665246,19220484,537372,57423102,52310583,5355,397120728,0.9985,0.2049,6.5685,0.0326,0.2106,8.0178,0.442,2112
proteins.50MB,3,False,52428800,41837312,6870468,185564,48893344,46882393,5653,397120728,0.2654,0.0695,84.1205,0.0115,0.1288,84.5978,0.137,2196
proteins.50MB,4,False,52428800,43194762,2460020,65284,45720066,45166819,5562,397120728,0.1045,0.0334,2.6129,0.0049,0.0597,2.8174,0.0433,2021
proteins.50MB,5,False,52428800,43660068,850884,23464,44534416,44648765,5728,397120728,0.0319,0.0134,0.116,0.0027,0.005,0.1713,0.014,2024
proteins.50MB,6,False,52428800,43801174,280108,7664,44088946,44508087,5568,397120728,0.0133,0.0053,0.0319,0.0023,0.0046,0.0587,0.0054,2094
proteins.50MB,7,False,52428800,43843944,91852,2384,43938180,44513145,5590,397120728,0.0064,0.004,0.0115,0.0014,0.0018,0.0273,0.0026,2182
proteins.50MB,8,False,52428800,43856050,30036,788,43886874,44565227,5580,397120728,0.0046,0.0011,0.0043,0.0021,0.0013,0.0154,0.0016,2025
proteins.50MB,9,False,52428800,43859724,10452,260,43870436,44633933,5586,397120728,0.0037,0.0021,0.003,0.0012,0.0013,0.0124,0.0029,2021
proteins.50MB,10,False,52428800,43860798,3628,112,43864538,44707943,5585,397120728,0.0026,0.0008,0.0014,0.0017,0.0011,0.0097,0.0012,2025
proteins.50MB,11,False,52428800,43861128,1228,56,43862412,44783905,5587,397120728,0.0028,0.0018,0.0013,0.0011,0.0011,0.0097,0.0012,2021
proteins.50MB,12,False,52428800,43861282,428,32,43861742,44860491,5710,397120728,0.0034,0.0008,0.0021,0.0012,0.0011,0.0099,0.0022,2030
proteins.50MB,13,False,52428800,43861380,164,32,43861576,44937309,5579,397120728,0.0032,0.0008,0.0011,0.001,0.0012,0.0099,0.0022,2028
proteins.50MB,14,False,52428800,43861470,68,4,43861542,45014199,5585,397120728,0.0027,0.0008,0.0015,0.0011,0.0012,0.0087,0.0014,2022
proteins.50MB,15,True,,0,0,0,0,,,,,,,,,,,
proteins,0,False,1184051855,11234066,1071323804,62970532,1145528402,3044046931,81656,8966511553,277.0005,26.4534,1578.0913,20.0815,5.1848,1906.8541,87.0846,22558
proteins,1,False,1184051855,310867292,807520604,27007012,1145394908,1301347845,126424,7602083769,94.8141,10.8923,414.4904,5.0602,9.1282,534.4007,35.8769,43169
proteins,2,False,1184051855,523307942,325049852,10702916,859060710,847911415,143433,7602083769,29.5156,4.1696,197.2128,1.3078,3.0997,235.3131,10.6303,49455
proteins,3,False,1184051855,606167920,131388844,3874864,741431628,712482585,148592,7602083769,8.5154,1.5171,50.0089,0.3862,1.2556,61.6876,3.2472,52086
proteins,4,False,1184051855,638132818,51778908,1362616,691274342,674201619,152641,7602083769,2.6162,0.6398,24.0854,0.0987,0.5625,28.0054,0.9022,52808
proteins,5,False,1184051855,649892188,18695636,467264,669055088,662187517,151970,7602083769,0.9521,0.2479,5.1924,0.0206,0.1951,6.6099,0.2843,52609
proteins,6,False,1184051855,653882750,6069532,150344,660102626,658180495,150914,7602083769,0.2685,0.0777,1.3484,0.0083,0.0286,1.734,0.1094,52828
proteins,7,False,1184051855,655057456,1950484,52180,657060120,656877065,151538,7602083769,0.0795,0.0267,0.7007,0.0038,0.0133,0.8256,0.0324,54756
proteins,8,False,1184051855,655416674,630292,17104,656064070,656493795,155770,7602083769,0.0251,0.0088,0.0924,0.0032,0.0053,0.1371,0.0106,53092
proteins,9,False,1184051855,655519884,207460,5520,655732864,656412933,151300,7602083769,0.0103,0.0034,0.0259,0.0014,0.0025,0.0452,0.0045,52539
proteins,10,False,1184051855,655549478,67020,1792,655618290,656434463,151709,7602083769,0.006,0.0026,0.0111,0.0019,0.0033,0.0269,0.0024,52766
proteins,11,False,1184051855,655558320,21860,596,655580776,656493161,152774,7602083769,0.005,0.0027,0.0035,0.0013,0.0015,0.0162,0.0022,52783
proteins,12,False,1184051855,655560802,7532,208,655568542,656563939,152195,7602083769,0.0032,0.0021,0.0026,0.0011,0.0013,0.0114,0.0019,52829
proteins,13,False,1184051855,655561588,2564,100,655564252,656638741,151381,7602083769,0.0031,0.0019,0.0013,0.0011,0.0012,0.0109,0.0013,52671
proteins,14,False,1184051855,655561846,852,44,655562742,656714967,151100,7602083769,0.0041,0.0018,0.0012,0.0011,0.0011,0.0112,0.0014,52696
proteins,15,False,1184051855,655561968,300,36,655562304,656791657,153644,7602083769,0.0037,0.0008,0.0011,0.0027,0.0013,0.0117,0.0013,53258
proteins,16,False,1184051855,655562058,140,24,655562222,656868515,151814,7602083769,0.003,0.0014,0.0027,0.0012,0.0025,0.0119,0.0021,53387
proteins,17,False,1184051855,655562148,76,20,655562244,656945429,151502,7602083769,0.0033,0.0018,0.0016,0.0011,0.0012,0.01,0.0015,53327
proteins,18,True,,0,0,0,0,,,,,,,,,,,
rs.13,0,False,216747218,98,668,124,890,662397499,3290,1746152696,20.0578,0.0009,0.0013,2.7957,0.0029,22.9047,8.8303,1385
rs.13,1,False,216747218,188,676,116,980,253137813,4079,1336894112,13.6674,0.0009,0.001,4.6975,0.0031,18.4508,3.3346,1744
rs.13,2,False,216747218,278,596,108,982,59952223,4786,1143785584,2.0888,0.0019,0.0008,0.4616,0.002,2.5609,0.8092,1312
rs.13,3,False,216747218,368,556,100,1024,14406065,4389,1098162520,0.5008,0.0006,0.0027,0.0992,0.0018,0.6072,0.1994,1321
rs.13,4,False,216747218,458,500,104,1062,3712851,4388,1087700336,0.2214,0.0009,0.0011,0.0321,0.0014,0.2603,0.0656,1313
rs.13,5,False,216747218,548,452,80,1080,1247301,4394,1085157880,0.0418,0.0013,0.0027,0.0089,0.0012,0.0574,0.0165,1307
rs.13,6,False,216747218,638,420,68,1126,724039,4399,1084679348,0.0136,0.0018,0.0011,0.0039,0.0011,0.0237,0.0052,1310
rs.13,7,False,216747218,728,356,72,1156,659289,4403,1084679348,0.005,0.0007,0.0011,0.004,0.0011,0.014,0.0022,1317
rs.13,8,False,216747218,818,316,56,1190,702779,4384,1085603364,0.0045,0.0021,0.0011,0.0012,0.0023,0.0135,0.0013,1419
rs.13,9,False,216747218,908,252,72,1232,771821,4396,1085603364,0.003,0.002,0.0011,0.0011,0.001,0.01,0.0013,1317
rs.13,10,False,216747218,998,228,32,1258,846895,4399,1085603364,0.0031,0.0007,0.0011,0.0019,0.001,0.0094,0.0019,1451
rs.13,11,False,216747218,1088,180,40,1308,923393,4410,1085603364,0.0032,0.0011,0.001,0.0024,0.0011,0.0112,0.0011,1318
rs.13,12,False,216747218,1178,100,24,1302,1000227,4408,1085603364,0.0026,0.001,0.0019,0.0019,0.001,0.0107,0.0009,1400
rs.13,13,True,,0,0,0,0,,,,,,,,,,,
sources.001.2,0,False,104857600,204402,7434452,631988,8270842,251022019,3741,775369400,9.9672,0.5063,82.8687,1.3218,0.0507,94.7193,5.3125,1005
sources.001.2,1,False,104857600,1135892,6570180,550212,8256284,83521365,4872,607973200,3.3104,0.2877,56.588,0.5365,0.0452,60.7713,2.0828,1239
sources.001.2,2,False,104857600,2090966,4867548,436644,7395158,29666847,5217,554319048,1.2822,0.2875,7.0748,0.1266,0.0362,8.8089,0.7085,1303
sources.001.2,3,False,104857600,2892000,3545220,278764,6715984,12588729,5493,537180104,0.4429,0.1144,2.6252,0.0244,0.0248,3.2336,0.1847,1346
sources.001.2,4,False,104857600,3614858,2269460,118624,6002942,6889843,5363,532821184,0.1455,0.041,1.1633,0.0072,0.0158,1.3746,0.0615,1399
sources.001.2,5,False,104857600,4082268,1185732,39828,5307828,5430693,5378,532821184,0.057,0.0188,0.2883,0.0042,0.0064,0.3768,0.0233,1649
sources.001.2,6,False,104857600,4307598,446548,11896,4766042,5116423,5392,532821184,0.0192,0.007,0.0469,0.0017,0.0039,0.0809,0.0074,1394
sources.001.2,7,False,104857600,4379976,143364,3796,4527136,5079241,5548,532821184,0.0083,0.0038,0.016,0.0022,0.0018,0.0339,0.0032,1502
sources.001.2,8,False,104857600,4399738,40196,1052,4440986,5114475,5395,532821184,0.0044,0.0031,0.0052,0.0012,0.0014,0.0169,0.0017,1392
sources.001.2,9,False,104857600,4404508,13892,380,4418780,5180797,5398,532821184,0.0034,0.0014,0.0023,0.0011,0.0012,0.0109,0.0014,1510
sources.001.2,10,False,104857600,4405926,4532,140,4410598,5253687,5408,532821184,0.0037,0.0019,0.0015,0.0017,0.002,0.0129,0.0013,1358
sources.001.2,11,False,104857600,4406384,1604,68,4408056,5329353,5557,532821184,0.0041,0.0007,0.0018,0.001,0.0011,0.0107,0.0022,1507
sources.001.2,12,False,104857600,4406562,460,32,4407054,5405787,5532,532821184,0.0029,0.0015,0.0018,0.0011,0.0011,0.0103,0.001,1606
sources.001.2,13,False,104857600,4406660,92,20,4406772,5482557,5375,532821184,0.0026,0.0015,0.0011,0.0011,0.0023,0.0107,0.0021,1528
sources.001.2,14,False,104857600,4406750,68,4,4406822,5559479,5414,532821184,0.0046,0.0007,0.0026,0.001,0.001,0.0122,0.0014,1371
sources.001.2,15,True,,0,0,0,0,,,,,,,,,,,
sources.100MB,0,False,104857600,1556618,77350716,7561960,86469294,239888683,4270,764573354,18.0027,3.0225,89.7301,0.9344,0.3914,112.0861,4.8707,1160
sources.100MB,1,False,104857600,18461396,83629540,2834148,104925084,96569029,6300,645084066,5.6725,1.1402,63.133,0.2086,1.0446,71.2011,1.935,1959
sources.100MB,2,False,104857600,38184166,37344204,1000308,76528678,64399695,7295,645084066,1.8118,0.3695,12.1322,0.0509,0.3493,14.7165,0.7909,2326
sources.100MB,3,False,104857600,46672624,13802532,350136,60825292,55800457,7628,645084066,0.6307,0.1276,3.4729,0.018,0.1549,4.4071,0.2566,2365
sources.100MB,4,False,104857600,49493962,4205156,107472,53806590,52487835,7747,645084066,0.1774,0.0535,1.1693,0.0045,0.0281,1.4353,0.0589,2394
sources.100MB,5,False,104857600,50307284,1290172,34408,51631864,51560317,7869,645084066,0.0507,0.018,0.2693,0.0031,0.0093,0.3517,0.0208,2468
sources.100MB,6,False,104857600,50530726,405628,10980,50947334,51313847,7765,645084066,0.0177,0.0084,0.0528,0.0018,0.0039,0.086,0.0076,2567
sources.100MB,7,False,104857600,50592448,129796,3512,50725756,51284457,7866,645084066,0.0073,0.0024,0.017,0.0013,0.002,0.0319,0.003,2401
sources.100MB,8,False,104857600,50610738,41620,1056,50653414,51326803,7764,645084066,0.0039,0.0013,0.0065,0.0012,0.0015,0.0166,0.0025,2402
sources.100MB,9,False,104857600,50615844,13596,384,50629824,51392093,7761,645084066,0.0034,0.0009,0.0031,0.0011,0.0013,0.0116,0.0016,2511
sources.100MB,10,False,104857600,50617278,4788,136,50622202,51465095,7768,645084066,0.003,0.0017,0.0031,0.0012,0.0012,0.0124,0.0015,2499
sources.100MB,11,False,104857600,50617744,1644,60,50619448,51540721,7875,645084066,0.0034,0.0019,0.0029,0.0012,0.0021,0.0139,0.0019,2531
sources.100MB,12,False,104857600,50617922,580,36,50618538,51617211,7777,645084066,0.0028,0.0016,0.0027,0.0011,0.0012,0.0105,0.0013,2511
sources.100MB,13,False,104857600,50618028,212,32,50618272,51693981,7791,645084066,0.0044,0.0008,0.0011,0.001,0.0022,0.012,0.0014,2402
sources.100MB,14,False,104857600,50618118,100,24,50618242,51770863,7786,645084066,0.003,0.0015,0.0027,0.0011,0.0012,0.0106,0.0011,2524
sources.100MB,15,True,,0,0,0,0,,,,,,,,,,,
sources.200MB,0,False,209715200,2447770,140809780,14911940,158169490,482877227,8562,1531974898,39.103,5.7829,5676.223,1.9872,0.7383,5723.8441,9.3947,2161
sources.200MB,1,False,209715200,34307820,160423828,5583168,200314816,192014117,12883,1271542786,12.6527,2.1114,101.3804,0.5543,2.4743,119.1783,3.8677,3879
sources.200MB,2,False,209715200,72274390,73009412,2006932,147290734,125216807,14962,1271542786,3.8903,0.8618,25.747,0.1369,1.0846,31.7227,1.5756,4653
sources.200MB,3,False,209715200,89548480,27482900,707452,117738832,107981577,15705,1271542786,1.2609,0.264,39.3597,0.0297,0.3641,41.2813,0.5331,4961
sources.200MB,4,False,209715200,95425746,8596236,211164,104233146,101269035,15980,1271542786,0.302,0.1131,2.0104,0.0098,0.049,2.4856,0.1529,5123
sources.200MB,5,False,209715200,97181108,2713404,68040,99962552,99314613,16040,1271542786,0.1083,0.0349,0.5734,0.0059,0.0176,0.7416,0.045,4912
sources.200MB,6,False,209715200,97679982,848620,22936,98551538,98735911,16076,1271542786,0.0342,0.0121,0.1172,0.0023,0.005,0.173,0.0136,5100
sources.200MB,7,False,209715200,97818584,271380,7204,98097168,98596409,16065,1271542786,0.0133,0.0042,0.0325,0.0015,0.0029,0.0566,0.0052,4980
sources.200MB,8,False,209715200,97859682,85572,2264,97947518,98601987,16025,1271542786,0.0062,0.0028,0.0109,0.0024,0.0018,0.0264,0.0024,4928
sources.200MB,9,False,209715200,97870940,27412,768,97899120,98655533,16116,1271542786,0.0038,0.0019,0.0056,0.0012,0.0014,0.0149,0.0015,4917
sources.200MB,10,False,209715200,97874070,9108,216,97883394,98724519,16084,1271542786,0.0032,0.001,0.0033,0.0012,0.0013,0.011,0.0015,4961
sources.200MB,11,False,209715200,97875032,3268,108,97878408,98798849,16091,1271542786,0.0027,0.0008,0.0013,0.0021,0.0012,0.0102,0.0011,4987
sources.200MB,12,False,209715200,97875346,1076,48,97876470,98874891,16076,1271542786,0.003,0.0008,0.0012,0.0021,0.0011,0.0103,0.0013,5024
sources.200MB,13,False,209715200,97875484,364,32,97875880,98951509,16003,1271542786,0.0025,0.0017,0.0027,0.0012,0.0011,0.0103,0.0022,5007
sources.200MB,14,False,209715200,97875582,156,28,97875766,99028351,16028,1271542786,0.0032,0.0008,0.0027,0.0011,0.0012,0.0113,0.0013,4915
sources.200MB,15,True,,0,0,0,0,,,,,,,,,,,
sources.50MB,0,False,52428800,993706,42034876,3602128,46630710,120767995,2085,383031048,8.1527,1.6341,48.0158,0.3749,0.2724,58.4543,2.3841,604
sources.50MB,1,False,52428800,10045540,42982948,1451284,54479772,48805677,3158,327989872,2.6019,0.5334,15.4235,0.0947,0.3929,19.0491,0.8998,1025
sources.50MB,2,False,52428800,19752918,18669116,503148,38925182,32891407,3627,327989872,0.7945,0.1881,5.5373,0.0208,0.1483,6.6926,0.3007,1183
sources.50MB,3,False,52428800,23842744,6854348,175232,30872324,28505929,3869,327989872,0.3084,0.0892,1.5907,0.0089,0.0405,2.0394,0.1228,1156
sources.50MB,4,False,52428800,25177650,2060604,53600,27291854,26834667,3813,327989872,0.0826,0.0278,0.88,0.0041,0.0103,1.0072,0.0303,1168
sources.50MB,5,False,52428800,25556188,627820,16512,26200520,26398813,3827,327989872,0.0247,0.0086,0.0757,0.0024,0.004,0.117,0.0101,1173
sources.50MB,6,False,52428800,25658606,196404,5236,25860246,26314231,3825,327989872,0.0098,0.0033,0.0241,0.0015,0.0024,0.0435,0.0042,1176
sources.50MB,7,False,52428800,25686568,62692,1608,25750868,26338345,3954,327989872,0.0047,0.0031,0.008,0.0013,0.0018,0.0211,0.0021,1176
sources.50MB,8,False,52428800,25694810,20036,532,25715378,26398139,3830,327989872,0.0039,0.0026,0.0032,0.0012,0.0013,0.0145,0.0014,1178
sources.50MB,9,False,52428800,25697092,6580,180,25703852,26469253,3840,327989872,0.0031,0.0009,0.0038,0.0012,0.0012,0.0125,0.0014,1176
sources.50MB,10,False,52428800,25697750,2300,92,25700142,26544223,3834,327989872,0.0044,0.0008,0.0023,0.002,0.0014,0.0123,0.002,1300
sources.50MB,11,False,52428800,25697992,788,40,25698820,26620537,3831,327989872,0.003,0.0017,0.0022,0.0011,0.0012,0.0103,0.0023,1180
sources.50MB,12,False,52428800,25698114,276,36,25698426,26697251,3830,327989872,0.0034,0.0012,0.0011,0.0011,0.0013,0.0103,0.0013,1174
sources.50MB,13,False,52428800,25698204,84,24,25698312,26774101,3832,327989872,0.003,0.0008,0.0022,0.0011,0.0014,0.0106,0.0022,1230
sources.50MB,14,False,52428800,25698294,68,4,25698366,26851023,3836,327989872,0.0032,0.0015,0.0011,0.0011,0.0013,0.0106,0.0012,1174
sources.50MB,15,True,,0,0,0,0,,,,,,,,,,,
sources,0,False,210866607,2457218,141993692,14634432,159085342,485543835,8594,1540394289,38.8758,6.1921,5431.7109,2.1543,0.7917,5479.7342,10.3123,2757
sources,1,False,210866607,34471372,161249124,5631156,201351652,193044501,14907,1278334393,14.1853,2.2807,114.3055,0.5812,1.8389,133.1969,4.093,4125
sources,2,False,210866607,72632478,73412460,2012388,148057326,125871863,16395,1278334393,4.2178,0.7498,29.1029,0.1477,0.9253,35.148,1.7111,5053
sources,3,False,210866607,90001576,27572380,720968,118294924,108538465,17055,1278334393,1.366,0.3747,8.7623,0.0416,0.27,10.8177,0.5252,5207
sources,4,False,210866607,95912778,8628092,222936,104763806,101788755,17362,1278334393,0.418,0.1157,2.2208,0.0081,0.0571,2.8213,0.1645,5613
sources,5,False,210866607,97678708,2731060,67480,100477248,99822421,17460,1278334393,0.11,0.0357,0.6126,0.0042,0.0181,0.7834,0.0462,5396
sources,6,False,210866607,98180670,854244,23032,99057946,99239839,17492,1278334393,0.0314,0.0095,0.1431,0.002,0.0068,0.1945,0.0137,5307
sources,7,False,210866607,98320144,272956,7336,98600436,99098945,17458,1278334393,0.0132,0.0054,0.0319,0.0016,0.0031,0.0574,0.0052,5335
sources,8,False,210866607,98361458,86244,2328,98450030,99104051,17341,1278334393,0.0069,0.0027,0.0111,0.0014,0.0028,0.0261,0.0027,5393
sources,9,False,210866607,98372780,27572,732,98401084,99157469,17641,1278334393,0.0041,0.0021,0.0043,0.0013,0.0015,0.0151,0.0018,5460
sources,10,False,210866607,98375934,9228,248,98385410,99226415,24359,1278334393,0.0035,0.0009,0.0021,0.0017,0.0013,0.0114,0.0014,5849
sources,11,False,210866607,98376904,3300,104,98380308,99300737,18517,1278334393,0.0041,0.0009,0.0014,0.0011,0.0023,0.0126,0.0013,5610
sources,12,False,210866607,98377218,1076,48,98378342,99376763,17969,1278334393,0.004,0.0011,0.0012,0.0011,0.0012,0.011,0.0013,5298
sources,13,False,210866607,98377356,364,32,98377752,99453381,17477,1278334393,0.0046,0.0008,0.0023,0.0011,0.0012,0.0115,0.0013,5385
sources,14,False,210866607,98377454,156,28,98377638,99530223,17455,1278334393,0.0034,0.0008,0.0029,0.0012,0.0012,0.0111,0.0014,5299
sources,15,True,,0,0,0,0,,,,,,,,,,,
statistics.pdf,0,False,169155,107482,659988,19064,786534,626899,11,2407593,0.0267,0.0094,0.0863,0.002,0.0043,0.1298,0.011,4
statistics.pdf,1,False,169155,217420,231100,6496,455016,517173,15,2407593,0.0101,0.0038,0.0266,0.0011,0.0023,0.045,0.0045,5
statistics.pdf,2,False,169155,253318,79724,2200,335242,531615,16,2407593,0.0047,0.0016,0.0096,0.001,0.0014,0.0195,0.002,6
statistics.pdf,3,False,169155,263888,26220,768,290876,586729,17,2407593,0.0031,0.0009,0.0036,0.0009,0.0011,0.0105,0.0015,6
statistics.pdf,4,False,169155,266890,8924,264,276078,656139,17,2407593,0.0023,0.0007,0.0026,0.001,0.001,0.0086,0.0011,6
statistics.pdf,5,False,169155,267828,3076,96,271000,730453,18,2407593,0.0021,0.0011,0.0011,0.0009,0.0011,0.0075,0.0013,6
statistics.pdf,6,False,169155,268126,1044,48,269218,806567,17,2407593,0.003,0.0006,0.001,0.0019,0.0013,0.0089,0.001,6
statistics.pdf,7,False,169155,268264,412,36,268712,883225,18,2407593,0.0024,0.0006,0.001,0.0015,0.0016,0.0083,0.0011,6
statistics.pdf,8,False,169155,268362,156,28,268546,960043,18,3003381,0.0018,0.0008,0.0011,0.0017,0.0009,0.0074,0.0009,6
statistics.pdf,9,True,,0,0,0,0,,,,,,,,,,,
tm29,0,False,268435456,98,788,92,978,715904819,3958,2058101204,39.9604,0.0015,0.002,14.473,0.0028,54.696,10.1086,1575
tm29,1,False,268435456,188,724,88,1000,268589333,4924,1610786820,8.1586,0.0008,0.0028,1.1356,0.003,9.321,3.7864,1530
tm29,2,False,268435456,278,700,88,1066,89709303,5234,1431983860,3.0306,0.0018,0.0011,0.6342,0.0032,3.6788,1.2409,1496
tm29,3,False,268435456,368,668,72,1108,33862185,5332,1376059836,2.214,0.0008,0.0011,0.9197,0.0019,3.1553,0.6134,1397
tm29,4,False,268435456,458,620,84,1162,11569507,5371,1353998196,0.3747,0.0017,0.0028,0.0574,0.0015,0.4401,0.1586,1390
tm29,5,False,268435456,548,580,76,1204,4655933,5493,1347007716,0.1802,0.0008,0.0024,0.0217,0.0013,0.208,0.0852,1393
tm29,6,False,268435456,638,548,76,1262,1936671,5411,1344211556,0.0674,0.0008,0.0011,0.012,0.0011,0.0846,0.0287,1394
tm29,7,False,268435456,728,516,60,1304,1139793,5406,1343337772,0.0488,0.0008,0.0028,0.019,0.0012,0.0754,0.0117,1405
tm29,8,False,268435456,818,468,72,1358,867211,5469,1344044564,0.0122,0.0018,0.0011,0.004,0.0011,0.0222,0.0043,1390
tm29,9,False,268435456,908,428,64,1400,834917,5460,1344044564,0.0054,0.0007,0.0028,0.0015,0.0011,0.014,0.0048,1494
tm29,10,False,268435456,998,404,64,1466,868167,5400,1344044564,0.0051,0.0019,0.0011,0.0013,0.0022,0.0135,0.0033,1564
tm29,11,False,268435456,1088,364,48,1500,931449,5389,1344044564,0.0045,0.0016,0.0011,0.0032,0.0011,0.0132,0.0011,1391
tm29,12,False,268435456,1178,316,60,1554,1002931,5401,1344044564,0.0029,0.0014,0.0028,0.0011,0.0011,0.0114,0.001,1591
tm29,13,False,268435456,1268,276,52,1596,1078157,5394,1344044564,0.0029,0.0018,0.002,0.0019,0.0011,0.0107,0.0011,1391
tm29,14,False,268435456,1358,236,60,1654,1154415,5398,1344044564,0.003,0.0018,0.0019,0.0011,0.0023,0.011,0.0012,1386
tm29,15,False,268435456,1448,196,44,1688,1231137,5403,1344044564,0.0026,0.0007,0.0012,0.0011,0.001,0.0086,0.0012,1583
tm29,16,False,268435456,1538,140,28,1706,1307995,5410,1345892644,0.004,0.0018,0.0027,0.0011,0.0011,0.0131,0.0013,1386
tm29,17,True,,0,0,0,0,,,,,,,,,,,
world_leaders,0,False,46968181,65338,2440060,254088,2759486,58889155,1378,293755227,2.1144,0.1275,2.8603,0.2363,0.0193,5.36,1.2799,245
world_leaders,1,False,46968181,395580,2671948,191420,3258948,21306125,1529,256231795,0.7799,0.092,2.6617,0.0652,0.0214,3.6217,0.527,269
world_leaders,2,False,46968181,866718,1929724,126496,2922938,8297895,1594,243331459,0.3486,0.0522,1.2078,0.0236,0.0129,1.647,0.1322,293
world_leaders,3,False,46968181,1218440,1179892,69412,2467744,3909025,1625,238948643,0.1373,0.0369,0.6102,0.0069,0.0107,0.8045,0.0563,417
world_leaders,4,False,46968181,1429882,670676,28988,2129546,2576667,1778,238948643,0.039,0.0163,0.1607,0.0022,0.0059,0.2253,0.0193,308
world_leaders,5,False,46968181,1551572,332588,10948,1895108,2265069,1659,238948643,0.0165,0.0077,0.0507,0.002,0.003,0.0811,0.0073,427
world_leaders,6,False,46968181,1606862,140332,3820,1751014,2231247,1775,238948643,0.0078,0.0026,0.018,0.0013,0.0018,0.0334,0.0039,428
world_leaders,7,False,46968181,1626512,30412,752,1657676,2258385,1687,238948643,0.0035,0.002,0.0041,0.0011,0.0015,0.0133,0.0029,426
world_leaders,8,False,46968181,1629906,3924,120,1633950,2323515,1677,238948643,0.0021,0.0014,0.0014,0.0021,0.0011,0.0102,0.0013,427
world_leaders,9,False,46968181,1630268,1396,56,1631720,2399429,1698,238948643,0.0019,0.0018,0.0012,0.0011,0.0013,0.0089,0.0014,315
world_leaders,10,False,46968181,1630430,412,32,1630874,2475935,1702,238948643,0.0038,0.0018,0.0011,0.0026,0.0011,0.0122,0.001,427
world_leaders,11,False,46968181,1630528,180,16,1630724,2552761,1705,238948643,0.0023,0.0017,0.0021,0.0011,0.0012,0.0101,0.0014,428
world_leaders,12,True,,0,0,0,0,,,,,,,,,,,
